-- Adminer 4.8.1 MySQL 10.4.28-MariaDB dump

SET NAMES utf8;
SET time_zone = '+00:00';
SET foreign_key_checks = 0;
SET sql_mode = 'NO_AUTO_VALUE_ON_ZERO';

SET NAMES utf8mb4;

CREATE DATABASE `db_data` /*!40100 DEFAULT CHARACTER SET utf8mb4 COLLATE utf8mb4_general_ci */;
USE `db_data`;

DROP TABLE IF EXISTS `account_status`;
CREATE TABLE `account_status` (
  `status_id` int(11) NOT NULL AUTO_INCREMENT,
  `status_code` int(1) DEFAULT NULL,
  `status_name` varchar(50) DEFAULT NULL,
  PRIMARY KEY (`status_id`)
) ENGINE=MyISAM DEFAULT CHARSET=latin1 COLLATE=latin1_swedish_ci;

INSERT INTO `account_status` (`status_id`, `status_code`, `status_name`) VALUES
(1,	1,	'Online'),
(2,	2,	'Suspend'),
(3,	3,	'Banned'),
(4,	4,	'Deleted'),
(5,	0,	'Offline');

DROP TABLE IF EXISTS `agama`;
CREATE TABLE `agama` (
  `id` int(11) NOT NULL AUTO_INCREMENT,
  `agama` varchar(8) DEFAULT NULL,
  PRIMARY KEY (`id`)
) ENGINE=InnoDB DEFAULT CHARSET=utf8 COLLATE=utf8_general_ci;

INSERT INTO `agama` (`id`, `agama`) VALUES
(1,	'Islam'),
(2,	'Kristen'),
(3,	'Katolik'),
(4,	'Hindu'),
(5,	'Budh'),
(6,	'Konghucu');

DROP TABLE IF EXISTS `arsip_doc`;
CREATE TABLE `arsip_doc` (
  `id` int(11) NOT NULL AUTO_INCREMENT,
  `nama` text NOT NULL,
  `keterangan` text NOT NULL,
  `group_id` varchar(5) NOT NULL,
  `updated_at` datetime DEFAULT NULL ON UPDATE current_timestamp(),
  `created_at` datetime DEFAULT NULL ON UPDATE current_timestamp(),
  PRIMARY KEY (`id`)
) ENGINE=InnoDB DEFAULT CHARSET=utf8mb4 COLLATE=utf8mb4_general_ci;

INSERT INTO `arsip_doc` (`id`, `nama`, `keterangan`, `group_id`, `updated_at`, `created_at`) VALUES
(1,	'KARPEG',	'Kartu Pegawai - BKN',	'IDT',	'2023-12-14 09:09:17',	'2023-12-14 09:09:17'),
(2,	'KARIS/KARSU',	'Kartu istri / suami',	'IDT',	'2023-12-14 09:09:24',	'2023-12-14 09:09:24'),
(3,	'SK CPNS',	'SK Pengangkatan CPNS - BKN',	'SKP',	'2023-12-14 09:09:37',	'2023-12-14 09:09:37'),
(4,	'SK PNS',	'SK Pengangkatan Pegawai Negeri Sipil',	'SKP',	'2023-12-14 09:09:43',	'2023-12-14 09:09:43'),
(5,	'SK PPPK',	'SK Pengangkatan Pegawai Pemerintah dengan Perjanjian Kerja',	'SKP',	'2023-12-14 09:09:51',	'2023-12-14 09:09:51'),
(6,	'SK Jabatan',	'SK Pengangkatan Jabatan',	'SKP',	'2023-12-14 09:09:57',	'2023-12-14 09:09:57'),
(7,	'SK KP',	'SK Kenaikan Pangkat',	'SKP',	'2023-12-14 09:10:03',	'2023-12-14 09:10:03'),
(8,	'SK KGB',	'SK Kenaikan Gaji Berkala',	'SKP',	'2023-12-14 09:10:27',	'2023-12-14 09:10:27'),
(9,	'SK PINDAH',	'SK Pindah Kerja',	'SKP',	'2023-12-14 09:14:10',	'2023-12-14 09:14:10'),
(10,	'SK PENSIUN',	'SK Pensiunan ASN',	'SKP',	'2023-12-14 09:14:17',	'2023-12-14 09:14:17'),
(11,	'SK PELANTIKAN',	'SK Pelantikan Jabatan',	'SKP',	'2023-12-14 09:14:24',	'2023-12-14 09:14:24'),
(12,	'IJAZAH',	'Surat Tanda Telah Tamat Belajar',	'STB',	'2023-12-14 09:16:14',	'2023-12-14 09:16:14'),
(13,	'SERTIFIKAT',	'Surat Penghargaan atau Telah Lulus ',	'STF',	'2023-12-14 09:18:43',	'2023-12-14 09:18:43'),
(14,	'SUPER',	'Surat Pernyataan',	'SPY',	'2023-12-14 02:54:53',	'2023-12-14 09:54:53'),
(15,	'SK KEGIATAN',	'SK Kegiatan ASN',	'SKP',	'2024-01-04 02:38:22',	'2024-01-04 02:38:22');

DROP TABLE IF EXISTS `arsip_group`;
CREATE TABLE `arsip_group` (
  `id` int(11) NOT NULL AUTO_INCREMENT,
  `kode` varchar(5) NOT NULL,
  `nama_group` varchar(100) NOT NULL,
  PRIMARY KEY (`id`),
  KEY `kode` (`kode`)
) ENGINE=InnoDB DEFAULT CHARSET=utf8mb4 COLLATE=utf8mb4_general_ci;

INSERT INTO `arsip_group` (`id`, `kode`, `nama_group`) VALUES
(1,	'IDT',	'IDENTITAS'),
(2,	'SKP',	'SURAT KEPUTUSAN'),
(3,	'STB',	'SURAT TANDA TAMAT BELAJAR'),
(4,	'SPY',	'SURAT PERNYATAAN'),
(5,	'STF',	'SERTIFIKAT'),
(6,	'SKT',	'SURAT KETERANGAN');

DROP TABLE IF EXISTS `arsip_trc`;
CREATE TABLE `arsip_trc` (
  `id` int(11) NOT NULL AUTO_INCREMENT,
  `user_id` varchar(20) NOT NULL,
  `arsip_id` int(11) NOT NULL,
  `tgl_buat` date NOT NULL,
  `file` text DEFAULT NULL,
  `url` text DEFAULT NULL,
  `keterangan` text NOT NULL,
  `laci` varchar(10) NOT NULL,
  `created_at` timestamp NULL DEFAULT NULL,
  `updated_at` timestamp NULL DEFAULT NULL,
  PRIMARY KEY (`id`),
  KEY `arsip_id` (`arsip_id`),
  CONSTRAINT `arsip_trc_ibfk_1` FOREIGN KEY (`arsip_id`) REFERENCES `arsip_doc` (`id`)
) ENGINE=InnoDB DEFAULT CHARSET=utf8mb4 COLLATE=utf8mb4_general_ci;

INSERT INTO `arsip_trc` (`id`, `user_id`, `arsip_id`, `tgl_buat`, `file`, `url`, `keterangan`, `laci`, `created_at`, `updated_at`) VALUES
(8,	'197508082009121001',	1,	'2023-12-18',	'file-doc/197508082009121001_karpeg.pdf',	NULL,	'Kartu Pegwai Negeri Sipil dari BKN',	'',	'2023-12-18 02:19:20',	'2023-12-18 02:19:20'),
(9,	'197508082009121001',	3,	'2024-01-02',	NULL,	'https://drive.google.com/file/d/1P1dnCu77A6qwFTJVfVkCuAJOlfs68zwM/view?usp=drive_link',	'SK CPNS 80%',	'',	'2024-01-01 21:11:43',	'2024-01-01 21:11:43'),
(10,	'197508082009121001',	4,	'2024-01-04',	'file-doc/197508082009121001_Permohonan VPS.pdf',	NULL,	'SK PNS 100%',	'',	'2024-01-03 19:32:47',	'2024-01-03 19:32:47');

DROP TABLE IF EXISTS `failed_jobs`;
CREATE TABLE `failed_jobs` (
  `id` bigint(20) unsigned NOT NULL AUTO_INCREMENT,
  `uuid` varchar(191) NOT NULL,
  `connection` text NOT NULL,
  `queue` text NOT NULL,
  `payload` longtext NOT NULL,
  `exception` longtext NOT NULL,
  `failed_at` timestamp NOT NULL DEFAULT current_timestamp(),
  PRIMARY KEY (`id`),
  UNIQUE KEY `failed_jobs_uuid_unique` (`uuid`)
) ENGINE=InnoDB DEFAULT CHARSET=utf8mb4 COLLATE=utf8mb4_unicode_ci;


DROP TABLE IF EXISTS `jabatan`;
CREATE TABLE `jabatan` (
  `id` int(11) NOT NULL AUTO_INCREMENT,
  `nama_jabatan` varchar(255) DEFAULT NULL,
  `created_at` timestamp NULL DEFAULT NULL,
  `updated_at` timestamp NULL DEFAULT NULL,
  KEY `id` (`id`)
) ENGINE=InnoDB DEFAULT CHARSET=utf8mb4 COLLATE=utf8mb4_general_ci;

INSERT INTO `jabatan` (`id`, `nama_jabatan`, `created_at`, `updated_at`) VALUES
(1,	'Kepala Kantor Wilayah Kementerian Agama Provinsi Sumatera Barat',	'2022-03-25 02:17:27',	'2022-03-25 02:17:27'),
(2,	'Kepala Bidang Pendidikan Agama dan Keagamaan Islam',	'2022-03-25 02:17:40',	'2022-03-25 02:17:40'),
(3,	'Kepala Bidang Pendidikan Madrasah ',	'2022-03-25 02:17:50',	'2022-03-25 02:17:50'),
(4,	'Kepala Bidang Penerangan Agama Islam dan Pemberdayaan Zakat dan Wakaf',	'2023-02-21 10:23:39',	'2023-02-21 10:23:39'),
(5,	'Kepala Bidang Penyelenggaraan Haji dan Umrah',	'2023-02-21 10:24:04',	'2023-02-21 10:24:04'),
(6,	'Kepala Bagian Tata Usaha',	NULL,	NULL),
(7,	'Kepala Bidang Urusan Agama Islam',	'2023-02-21 10:28:32',	'2023-02-21 10:28:32'),
(8,	'Pembimbing Masyarakat Buddha ',	'2023-02-21 10:29:13',	'2023-02-21 10:29:13'),
(9,	'Pembimbing Masyarakat Hindu',	'2023-02-21 10:29:37',	'2023-02-21 10:29:37'),
(10,	'Pembimbing Masyarakat Katolik',	'2023-02-21 10:30:04',	'2023-02-21 10:30:04'),
(11,	'Pembimbing Masyarakat Kristen',	'2023-02-21 10:30:33',	'2023-02-21 10:30:33'),
(12,	'JFT-Pranata Komputer',	'2023-02-21 10:32:10',	'2023-02-21 10:32:10'),
(13,	'JFT-Perencana',	'2023-02-21 10:32:29',	'2023-02-21 10:32:29'),
(14,	'JFT-Penyuluh Agama Islam',	'2023-02-21 10:33:09',	'2023-02-21 10:33:09'),
(15,	'JFT-Pranata Humas',	NULL,	NULL),
(16,	'JFT-Analis Kebijakan',	NULL,	NULL),
(17,	'JFT-Arsiparis',	NULL,	NULL),
(18,	'JFT-Analis Kepegawaian/Analis SDM Aparatur',	NULL,	NULL),
(19,	'JFT-APBN',	NULL,	NULL),
(20,	'JFT-Pamong Budaya',	NULL,	NULL),
(21,	'JFT-Penggrak Swadaya Masyarakat',	NULL,	NULL),
(22,	'JFT-Analis Hukum',	NULL,	NULL),
(23,	'JFT-Pengembangan Teknologi Pembelajaran',	NULL,	NULL),
(24,	'Pelaksana',	NULL,	NULL),
(25,	'JFT-Lainnya',	NULL,	NULL),
(26,	'JFT_Penyuluh Agama Katolik',	NULL,	NULL);

DROP TABLE IF EXISTS `jenis_kelamin`;
CREATE TABLE `jenis_kelamin` (
  `id` int(11) NOT NULL AUTO_INCREMENT,
  `kode` varchar(4) DEFAULT NULL,
  `jenis_kelamin` varchar(13) DEFAULT NULL,
  PRIMARY KEY (`id`)
) ENGINE=InnoDB DEFAULT CHARSET=utf8 COLLATE=utf8_general_ci;

INSERT INTO `jenis_kelamin` (`id`, `kode`, `jenis_kelamin`) VALUES
(1,	'L',	'Laki - Laki'),
(2,	'P',	'Perempuan');

DROP TABLE IF EXISTS `kabkota`;
CREATE TABLE `kabkota` (
  `id` int(10) unsigned NOT NULL AUTO_INCREMENT,
  `kode` varchar(4) NOT NULL,
  `nama` varchar(100) NOT NULL,
  `ibukota` varchar(100) NOT NULL,
  `created_at` timestamp NULL DEFAULT NULL,
  `updated_at` timestamp NULL DEFAULT NULL,
  PRIMARY KEY (`id`),
  UNIQUE KEY `kode_unique` (`kode`),
  KEY `kode` (`kode`)
) ENGINE=InnoDB DEFAULT CHARSET=utf8mb4 COLLATE=utf8mb4_unicode_ci;

INSERT INTO `kabkota` (`id`, `kode`, `nama`, `ibukota`, `created_at`, `updated_at`) VALUES
(1,	'KD01',	'Kabupaten Pesisir Selatan',	'Painan',	'2021-07-06 09:46:19',	'2021-07-07 06:01:52'),
(2,	'KD02',	'Kota Solok',	'Solok',	'2021-07-07 06:07:30',	'2021-07-07 06:07:30'),
(3,	'KD03',	'Kabupaten Sijunjung',	'-',	'2021-07-07 06:12:08',	'2021-07-07 06:12:08'),
(4,	'KD04',	'Kabupaten Tanah Datar',	'Batusangkar',	'2021-12-30 02:07:59',	'2021-12-30 02:07:59'),
(5,	'KD05',	'Kabupaten Padang Pariaman',	'Pariaman',	'2021-12-30 02:08:32',	'2021-12-30 02:08:32'),
(6,	'KD06',	'Kabupaten Agam',	'Lubuk Basung',	'2021-12-30 02:08:56',	'2021-12-30 02:08:56'),
(7,	'KD07',	'Kabupaten Lima Puluh Kota',	' -',	'2021-12-30 02:09:32',	'2021-12-30 02:09:32'),
(8,	'KD08',	'Kabupaten Pasaman',	'Lubuk Sikaping',	'2021-12-30 02:10:07',	'2021-12-30 02:10:07'),
(9,	'KD09',	'Kota Padang',	'Padang',	NULL,	'2021-07-17 11:49:40'),
(10,	'KD10',	'Kabupaten Kep. Mentawai',	'-',	NULL,	NULL),
(11,	'KD11',	'Kabupaten Dharmasraya',	'Pulau Punjung',	'2021-12-30 02:10:35',	'2021-12-30 02:10:35'),
(12,	'KD12',	'Kabupaten Solok Selatan',	'Sangir',	'2021-07-17 11:47:14',	'2021-07-17 11:47:14'),
(13,	'KD13',	'Kabupaten Pasaman Barat',	'Simpang Empat',	'2021-12-30 02:11:41',	'2021-12-30 02:11:41'),
(14,	'KD14',	'Kabupaten Solok',	'-',	'2021-12-30 02:12:10',	'2021-12-30 02:12:10'),
(15,	'KD15',	'Kota Sawahlunto',	'-',	'2021-12-30 02:14:44',	'2021-12-30 02:14:44'),
(16,	'KD16',	'Kota Padang Panjang',	'Padang Panjang',	'2021-12-30 02:15:16',	'2021-12-30 02:15:16'),
(17,	'KD17',	'Kota Bukittinggi',	'Bukittinggi',	'2021-12-30 02:15:51',	'2021-12-30 02:15:51'),
(18,	'KD18',	'Kota Payakumbuh',	'Payakumbuh',	'2021-12-30 02:16:18',	'2021-12-30 02:16:18'),
(19,	'KD19',	'Kota Pariaman',	'Pariaman',	'2021-12-30 02:16:52',	'2021-12-30 02:16:52'),
(20,	'KD20',	'Kanwil Prov. Sumatera Barat',	'Padang',	'2021-12-30 05:37:27',	'2021-12-30 05:37:27');

DROP TABLE IF EXISTS `kecamatan`;
CREATE TABLE `kecamatan` (
  `id` int(11) NOT NULL AUTO_INCREMENT,
  `kab_kota` varchar(4) NOT NULL,
  `kecamatan` varchar(100) NOT NULL,
  PRIMARY KEY (`id`)
) ENGINE=InnoDB DEFAULT CHARSET=latin1 COLLATE=latin1_swedish_ci;

INSERT INTO `kecamatan` (`id`, `kab_kota`, `kecamatan`) VALUES
(1,	'KD06',	'Ampek Nagari (IV Nagari )'),
(2,	'KD06',	'Banuhampu'),
(3,	'KD06',	'Baso'),
(4,	'KD06',	'Candung'),
(5,	'KD06',	'IV Angkat Candung (Ampek Angkek)'),
(6,	'KD06',	'IV Koto (Ampek Koto)'),
(7,	'KD06',	'Kamang Magek'),
(8,	'KD06',	'Lubuk Basung'),
(9,	'KD06',	'Malakak'),
(10,	'KD06',	'Matur'),
(11,	'KD06',	'Palembayan'),
(12,	'KD06',	'Palupuh'),
(13,	'KD06',	'Sungai Pua (Puar)'),
(14,	'KD06',	'Tanjung Mutiara'),
(15,	'KD06',	'Tanjung Raya'),
(16,	'KD06',	'Tilatang Kamang'),
(17,	'KD17',	'Aur Birugo Tigo Baleh'),
(18,	'KD17',	'Guguk Panjang (Guguak Panjang)'),
(19,	'KD17',	'Mandiangin Koto Selayan'),
(20,	'KD11',	'Asam Jujuhan'),
(21,	'KD11',	'Koto Besar'),
(22,	'KD11',	'Koto Salak'),
(23,	'KD11',	'Padang Laweh'),
(24,	'KD11',	'Pulau Punjung'),
(25,	'KD11',	'Sembilan Koto'),
(26,	'KD11',	'Sitiung'),
(27,	'KD11',	'Sungai Rumbai'),
(28,	'KD11',	'Timpeh'),
(29,	'KD11',	'Tiumang'),
(30,	'KD10',	'Pagai Selatan'),
(31,	'KD10',	'Pagai Utara'),
(32,	'KD10',	'Siberut Barat'),
(33,	'KD10',	'Siberut Barat Daya'),
(34,	'KD10',	'Siberut Selatan'),
(35,	'KD10',	'Siberut Tengah'),
(36,	'KD10',	'Siberut Utara'),
(37,	'KD10',	'Sikakap'),
(38,	'KD10',	'Sipora Selatan'),
(39,	'KD10',	'Sipora Utara'),
(40,	'KD07',	'Akabiluru'),
(41,	'KD07',	'Bukik Barisan'),
(42,	'KD07',	'Guguak (Gugu)'),
(43,	'KD07',	'Gunuang Omeh (Gunung Mas)'),
(44,	'KD07',	'Harau'),
(45,	'KD07',	'Kapur IX/Sembilan'),
(46,	'KD07',	'Lareh Sago Halaban'),
(47,	'KD07',	'Luak (Luhak)'),
(48,	'KD07',	'Mungka'),
(49,	'KD07',	'Pangkalan Koto Baru'),
(50,	'KD07',	'Payakumbuh'),
(51,	'KD07',	'Situjuah Limo/Lima Nagari'),
(52,	'KD07',	'Suliki'),
(53,	'KD09',	'Bungus Teluk Kabung'),
(54,	'KD09',	'Koto Tangah'),
(55,	'KD09',	'Kuranji'),
(56,	'KD09',	'Lubuk Begalung'),
(57,	'KD09',	'Lubuk Kilangan'),
(58,	'KD09',	'Nanggalo'),
(59,	'KD09',	'Padang Barat'),
(60,	'KD09',	'Padang Selatan'),
(61,	'KD09',	'Padang Timur'),
(62,	'KD09',	'Padang Utara'),
(63,	'KD09',	'Pauh'),
(64,	'KD16',	'Padang Panjang Barat'),
(65,	'KD16',	'Padang Panjang Timur'),
(66,	'KD05',	'2 X 11 Enam Lingkung'),
(67,	'KD05',	'2 X 11 Kayu Tanam'),
(68,	'KD05',	'Batang Anai'),
(69,	'KD05',	'Batang Gasan'),
(70,	'KD05',	'Enam Lingkung'),
(71,	'KD05',	'IV Koto Aur Malintang'),
(72,	'KD05',	'Lubuk Alung'),
(73,	'KD05',	'Nan Sabaris'),
(74,	'KD05',	'Padang Sago'),
(75,	'KD05',	'Patamuan'),
(76,	'KD05',	'Sintuk/Sintuak Toboh Gadang'),
(77,	'KD05',	'Sungai Geringging/Garingging'),
(78,	'KD05',	'Sungai Limau'),
(79,	'KD05',	'Ulakan Tapakih/Tapakis'),
(80,	'KD05',	'V Koto Kampung Dalam'),
(81,	'KD05',	'V Koto Timur'),
(82,	'KD05',	'VII Koto Sungai Sarik'),
(83,	'KD19',	'Pariaman Selatan'),
(84,	'KD19',	'Pariaman Tengah'),
(85,	'KD19',	'Pariaman Timur'),
(86,	'KD19',	'Pariaman Utara'),
(87,	'KD08',	'Bonjol'),
(88,	'KD08',	'Duo Koto (II Koto)'),
(89,	'KD08',	'Lubuk Sikaping'),
(90,	'KD08',	'Mapat Tunggul'),
(91,	'KD08',	'Mapat Tunggul Selatan'),
(92,	'KD08',	'Padang Gelugur'),
(93,	'KD08',	'Panti'),
(94,	'KD08',	'Rao'),
(95,	'KD08',	'Rao Selatan'),
(96,	'KD08',	'Rao Utara'),
(97,	'KD08',	'Simpang Alahan Mati'),
(98,	'KD08',	'Tigo Nagari (III Nagari)'),
(99,	'KD13',	'Gunung Tuleh'),
(100,	'KD13',	'Kinali'),
(101,	'KD13',	'Koto Balingka'),
(102,	'KD13',	'Lembah Melintang'),
(103,	'KD13',	'Luhak Nan Duo'),
(104,	'KD13',	'Pasaman'),
(105,	'KD13',	'Ranah Batahan'),
(106,	'KD13',	'Sasak Ranah Pasisir/Pesisie'),
(107,	'KD13',	'Sei Beremas'),
(108,	'KD13',	'Sungai Aur'),
(109,	'KD13',	'Talamau'),
(110,	'KD18',	'Lamposi Tigo Nagari'),
(111,	'KD18',	'Payakumbuh Barat'),
(112,	'KD18',	'Payakumbuh Selatan'),
(113,	'KD18',	'Payakumbuh Timur'),
(114,	'KD18',	'Payakumbuh Utara'),
(115,	'KD01',	'Airpura'),
(116,	'KD01',	'Basa Ampek Balai Tapan'),
(117,	'KD01',	'Batang Kapas'),
(118,	'KD01',	'Bayang'),
(119,	'KD01',	'IV Jurai'),
(120,	'KD01',	'IV Nagari Bayang Utara'),
(121,	'KD01',	'Koto XI Tarusan'),
(122,	'KD01',	'Lengayang'),
(123,	'KD01',	'Linggo Sari Baganti'),
(124,	'KD01',	'Lunang'),
(125,	'KD01',	'Pancung Soal'),
(126,	'KD01',	'Ranah Ampek Hulu Tapan'),
(127,	'KD01',	'Ranah Pesisir'),
(128,	'KD01',	'Silaut'),
(129,	'KD01',	'Sutera'),
(130,	'KD15',	'Barangin'),
(131,	'KD15',	'Lembah Segar'),
(132,	'KD15',	'Silungkang'),
(133,	'KD15',	'Talawi'),
(134,	'KD03',	'IV Nagari'),
(135,	'KD03',	'Kamang Baru'),
(136,	'KD03',	'Koto VII'),
(137,	'KD03',	'Kupitan'),
(138,	'KD03',	'Lubuak Tarok'),
(139,	'KD03',	'Sijunjung'),
(140,	'KD03',	'Sumpur Kudus'),
(141,	'KD03',	'Tanjung Gadang'),
(142,	'KD02',	'Lubuk Sikarah'),
(143,	'KD02',	'Tanjung Harapan'),
(144,	'KD14',	'Bukit Sundi'),
(145,	'KD14',	'Danau Kembar'),
(146,	'KD14',	'Gunung Talang'),
(147,	'KD14',	'Hiliran Gumanti'),
(148,	'KD14',	'IX Koto Sungai Lasi'),
(149,	'KD14',	'Junjung Sirih'),
(150,	'KD14',	'Kubung'),
(151,	'KD14',	'Lembah Gumanti'),
(152,	'KD14',	'Lembang Jaya'),
(153,	'KD14',	'Pantai Cermin'),
(154,	'KD14',	'Payung Sekaki'),
(155,	'KD14',	'Tigo Lurah'),
(156,	'KD14',	'X Koto Diatas'),
(157,	'KD14',	'X Koto Singkarak'),
(158,	'KD12',	'Koto Parik Gadang Diateh'),
(159,	'KD12',	'Pauh Duo'),
(160,	'KD12',	'Sangir'),
(161,	'KD12',	'Sangir Balai Janggo'),
(162,	'KD12',	'Sangir Jujuan'),
(163,	'KD12',	'Sungai Pagu'),
(164,	'KD04',	'Batipuh'),
(165,	'KD04',	'Batipuh Selatan'),
(166,	'KD04',	'Lima Kaum'),
(167,	'KD04',	'Lintau Buo'),
(168,	'KD04',	'Lintau Buo Utara'),
(169,	'KD04',	'Padang Ganting'),
(170,	'KD04',	'Pariangan'),
(171,	'KD04',	'Rambatan'),
(172,	'KD04',	'Salimpaung'),
(173,	'KD04',	'Sepuluh Koto (X Koto)'),
(174,	'KD04',	'Sungai Tarab'),
(175,	'KD04',	'Sungayang'),
(176,	'KD04',	'Tanjung Baru');

DROP TABLE IF EXISTS `kendaraan`;
CREATE TABLE `kendaraan` (
  `id` int(11) NOT NULL AUTO_INCREMENT,
  `nama` varchar(100) NOT NULL,
  PRIMARY KEY (`id`)
) ENGINE=InnoDB DEFAULT CHARSET=latin1 COLLATE=latin1_swedish_ci;

INSERT INTO `kendaraan` (`id`, `nama`) VALUES
(1,	'Mobil'),
(2,	'Pesawat Terbang'),
(3,	'Kereta Api'),
(4,	'Kapal Laut');

DROP TABLE IF EXISTS `logs`;
CREATE TABLE `logs` (
  `id` bigint(20) unsigned NOT NULL AUTO_INCREMENT,
  `modul` text NOT NULL,
  `event` varchar(100) NOT NULL,
  `trn_id` bigint(20) NOT NULL,
  `user_id` bigint(20) unsigned NOT NULL,
  `user_name` varchar(50) NOT NULL,
  `email` varchar(191) NOT NULL,
  `created_at` timestamp NULL DEFAULT NULL,
  `updated_at` timestamp NULL DEFAULT NULL,
  PRIMARY KEY (`id`),
  KEY `email` (`email`),
  KEY `user_id` (`user_id`),
  CONSTRAINT `logs_ibfk_2` FOREIGN KEY (`email`) REFERENCES `users` (`email`),
  CONSTRAINT `logs_ibfk_3` FOREIGN KEY (`user_id`) REFERENCES `users` (`id`)
) ENGINE=InnoDB DEFAULT CHARSET=utf8mb4 COLLATE=utf8mb4_unicode_ci;

INSERT INTO `logs` (`id`, `modul`, `event`, `trn_id`, `user_id`, `user_name`, `email`, `created_at`, `updated_at`) VALUES
(231,	'Modul Ts_master',	'Create Data',	13,	1,	'Admin Admin',	'admin@argon.com',	'2023-03-07 06:19:17',	'2023-03-07 06:19:17'),
(232,	'Modul Ts_master',	'Create Data',	14,	1,	'Admin Admin',	'admin@argon.com',	'2023-03-07 06:42:32',	'2023-03-07 06:42:32'),
(233,	'Modul Ts_master',	'Create Data',	15,	1,	'Admin Admin',	'admin@argon.com',	'2023-03-07 06:43:36',	'2023-03-07 06:43:36'),
(234,	'Modul Ts_master',	'Create Data',	16,	1,	'Admin Admin',	'admin@argon.com',	'2023-03-07 07:30:30',	'2023-03-07 07:30:30'),
(235,	'Modul Ts_master',	'Create Data',	14,	1,	'Admin Admin',	'admin@argon.com',	'2023-03-09 09:06:36',	'2023-03-09 09:06:36'),
(236,	'Modul Pegawai',	'Update Data',	2,	1,	'Admin Admin',	'admin@argon.com',	'2023-03-14 16:35:08',	'2023-03-14 16:35:08'),
(237,	'Modul Pegawai',	'Update Data',	2,	1,	'Admin Admin',	'admin@argon.com',	'2023-03-14 16:39:16',	'2023-03-14 16:39:16'),
(238,	'Modul Pegawai',	'Update Data',	2,	1,	'Admin Admin',	'admin@argon.com',	'2023-03-16 16:39:10',	'2023-03-16 16:39:10'),
(239,	'Modul Master Ts rincian',	'Tambah Data',	3,	1,	'Admin Admin',	'admin@argon.com',	'2023-03-23 07:46:56',	'2023-03-23 07:46:56'),
(240,	'Modul Master Ts rincian',	'Tambah Data',	4,	1,	'Admin Admin',	'admin@argon.com',	'2023-03-23 07:46:56',	'2023-03-23 07:46:56'),
(241,	'Modul Master Ts rincian',	'Tambah Data',	5,	1,	'Admin Admin',	'admin@argon.com',	'2023-03-23 07:53:40',	'2023-03-23 07:53:40'),
(242,	'Modul Master Ts rincian',	'Tambah Data',	6,	1,	'Admin Admin',	'admin@argon.com',	'2023-04-03 07:05:31',	'2023-04-03 07:05:31'),
(243,	'Modul Master Ts rincian',	'Tambah Data',	7,	1,	'Admin Admin',	'admin@argon.com',	'2023-04-03 07:29:29',	'2023-04-03 07:29:29'),
(244,	'Modul Master Ts rincian',	'Tambah Data',	8,	1,	'Admin Admin',	'admin@argon.com',	'2023-04-03 07:29:50',	'2023-04-03 07:29:50'),
(245,	'Modul Master Ts rincian',	'Tambah Data',	9,	1,	'Admin Admin',	'admin@argon.com',	'2023-04-03 07:37:36',	'2023-04-03 07:37:36'),
(246,	'Modul Master Ts rincian',	'Tambah Data',	10,	1,	'Admin Admin',	'admin@argon.com',	'2023-04-03 08:01:31',	'2023-04-03 08:01:31'),
(247,	'Modul Master Ts rincian',	'Tambah Data',	11,	1,	'Admin Admin',	'admin@argon.com',	'2023-04-03 08:01:31',	'2023-04-03 08:01:31'),
(248,	'Modul Master Ts rincian',	'Tambah Data',	12,	1,	'Admin Admin',	'admin@argon.com',	'2023-04-03 15:12:32',	'2023-04-03 15:12:32'),
(249,	'Modul Master Ts rincian',	'Tambah Data',	13,	1,	'Admin Admin',	'admin@argon.com',	'2023-04-03 15:12:32',	'2023-04-03 15:12:32'),
(250,	'Modul Master Ts rincian',	'Tambah Data',	14,	1,	'Admin Admin',	'admin@argon.com',	'2023-04-03 15:15:39',	'2023-04-03 15:15:39'),
(251,	'Modul Master Ts rincian',	'Tambah Data',	15,	1,	'Admin Admin',	'admin@argon.com',	'2023-04-03 15:16:07',	'2023-04-03 15:16:07'),
(252,	'Modul Master Ts rincian',	'Tambah Data',	16,	1,	'Admin Admin',	'admin@argon.com',	'2023-04-03 15:16:55',	'2023-04-03 15:16:55'),
(253,	'Modul Master Ts rincian',	'Tambah Data',	17,	1,	'Admin Admin',	'admin@argon.com',	'2023-04-03 15:18:55',	'2023-04-03 15:18:55'),
(254,	'Modul Master Ts rincian',	'Tambah Data',	18,	1,	'Admin Admin',	'admin@argon.com',	'2023-04-03 15:18:55',	'2023-04-03 15:18:55'),
(255,	'Modul Master Ts rincian',	'Tambah Data',	19,	1,	'Admin Admin',	'admin@argon.com',	'2023-04-03 15:18:55',	'2023-04-03 15:18:55'),
(256,	'Modul Master Ts rincian',	'Tambah Data',	20,	1,	'Admin Admin',	'admin@argon.com',	'2023-04-03 15:29:22',	'2023-04-03 15:29:22'),
(257,	'Modul Master Ts rincian',	'Tambah Data',	21,	1,	'Admin Admin',	'admin@argon.com',	'2023-04-04 02:54:22',	'2023-04-04 02:54:22'),
(258,	'Modul TS Master Rincian',	'Hapus Data',	17,	1,	'Admin Admin',	'admin@argon.com',	'2023-04-04 08:57:04',	'2023-04-04 08:57:04'),
(259,	'Modul TS Master Rincian',	'Hapus Data',	18,	1,	'Admin Admin',	'admin@argon.com',	'2023-04-04 09:00:54',	'2023-04-04 09:00:54'),
(260,	'Modul TS Master Rincian',	'Hapus Data',	19,	1,	'Admin Admin',	'admin@argon.com',	'2023-04-04 09:04:21',	'2023-04-04 09:04:21'),
(261,	'Modul TS Master Rincian',	'Hapus Data',	20,	1,	'Admin Admin',	'admin@argon.com',	'2023-04-04 09:05:20',	'2023-04-04 09:05:20'),
(262,	'Modul TS Master Rincian',	'Hapus Data',	21,	1,	'Admin Admin',	'admin@argon.com',	'2023-04-04 09:08:31',	'2023-04-04 09:08:31'),
(263,	'Modul Master Ts rincian',	'Tambah Data',	22,	1,	'Admin Admin',	'admin@argon.com',	'2023-04-04 09:37:58',	'2023-04-04 09:37:58'),
(264,	'Modul TS Master Rincian',	'Hapus Data',	22,	1,	'Admin Admin',	'admin@argon.com',	'2023-04-04 09:51:33',	'2023-04-04 09:51:33'),
(265,	'Modul Master Ts rincian',	'Tambah Data',	23,	1,	'Admin Admin',	'admin@argon.com',	'2023-04-04 09:51:50',	'2023-04-04 09:51:50'),
(266,	'Modul Master Ts rincian',	'Tambah Data',	24,	1,	'Admin Admin',	'admin@argon.com',	'2023-04-04 09:51:50',	'2023-04-04 09:51:50'),
(267,	'Modul Master Ts rincian',	'Tambah Data',	25,	1,	'Admin Admin',	'admin@argon.com',	'2023-04-04 09:51:50',	'2023-04-04 09:51:50'),
(268,	'Modul TS Master Rincian',	'Hapus Data',	25,	1,	'Admin Admin',	'admin@argon.com',	'2023-04-04 09:51:54',	'2023-04-04 09:51:54'),
(269,	'Modul TS Master Rincian',	'Hapus Data',	24,	1,	'Admin Admin',	'admin@argon.com',	'2023-04-04 09:52:00',	'2023-04-04 09:52:00'),
(270,	'Modul Master Ts rincian',	'Tambah Data',	26,	1,	'Admin Admin',	'admin@argon.com',	'2023-04-04 09:55:05',	'2023-04-04 09:55:05'),
(271,	'Modul Master Ts rincian',	'Tambah Data',	27,	1,	'Admin Admin',	'admin@argon.com',	'2023-04-04 09:55:21',	'2023-04-04 09:55:21'),
(272,	'Modul Master Ts rincian',	'Tambah Data',	28,	1,	'Admin Admin',	'admin@argon.com',	'2023-04-04 09:55:51',	'2023-04-04 09:55:51'),
(273,	'Modul Master Ts rincian',	'Tambah Data',	29,	1,	'Admin Admin',	'admin@argon.com',	'2023-04-04 09:56:33',	'2023-04-04 09:56:33'),
(274,	'Modul Master Ts rincian',	'Tambah Data',	30,	1,	'Admin Admin',	'admin@argon.com',	'2023-04-04 09:56:33',	'2023-04-04 09:56:33'),
(275,	'Modul Master Ts rincian',	'Tambah Data',	31,	1,	'Admin Admin',	'admin@argon.com',	'2023-04-04 09:56:33',	'2023-04-04 09:56:33'),
(276,	'Modul TS Master Rincian',	'Hapus Data',	31,	1,	'Admin Admin',	'admin@argon.com',	'2023-04-04 10:38:56',	'2023-04-04 10:38:56'),
(277,	'Modul Master Ts rincian',	'Tambah Data',	32,	1,	'Admin Admin',	'admin@argon.com',	'2023-04-04 11:06:56',	'2023-04-04 11:06:56'),
(278,	'Modul Ts_master',	'Create Data',	15,	1,	'Admin Admin',	'admin@argon.com',	'2023-04-06 01:44:29',	'2023-04-06 01:44:29'),
(279,	'Modul Ts_master',	'Create Data',	16,	1,	'Admin Admin',	'admin@argon.com',	'2023-04-06 02:16:00',	'2023-04-06 02:16:00'),
(280,	'Modul Transaksi Master Telaahan Staf',	'Update Data Kirim Ke Verifikator',	16,	1,	'Admin Admin',	'admin@argon.com',	'2023-04-06 03:22:21',	'2023-04-06 03:22:21'),
(281,	'Modul Transaksi Master Telaahan Staf',	'Update Data Kirim Ke Verifikator',	16,	1,	'Admin Admin',	'admin@argon.com',	'2023-04-06 03:25:11',	'2023-04-06 03:25:11'),
(282,	'Modul Transaksi Master Telaahan Staf',	'Update Data Kirim Ke Verifikator',	15,	1,	'Admin Admin',	'admin@argon.com',	'2023-04-06 04:27:44',	'2023-04-06 04:27:44'),
(283,	'Modul Transaksi Master Telaahan Staf',	'Update Data Kirim Ke Verifikator',	14,	1,	'Admin Admin',	'admin@argon.com',	'2023-04-06 04:30:01',	'2023-04-06 04:30:01'),
(284,	'Modul Master Ts rincian',	'Tambah Data',	33,	1,	'Admin Admin',	'admin@argon.com',	'2023-04-06 04:32:04',	'2023-04-06 04:32:04'),
(285,	'Modul Pegawai',	'Hapus Data1',	15,	1,	'Admin Admin',	'admin@argon.com',	'2023-04-06 04:33:50',	'2023-04-06 04:33:50'),
(286,	'Modul TS Master',	'Hapus Data',	15,	1,	'Admin Admin',	'admin@argon.com',	'2023-04-06 04:37:14',	'2023-04-06 04:37:14'),
(287,	'Modul Ts_master',	'Create Data',	17,	1,	'Admin Admin',	'admin@argon.com',	'2023-04-06 06:05:22',	'2023-04-06 06:05:22'),
(288,	'Modul TS Master',	'Hapus Data',	17,	1,	'Admin Admin',	'admin@argon.com',	'2023-04-06 10:29:01',	'2023-04-06 10:29:01'),
(289,	'Modul Master Telaahan Staf',	'Update Data',	16,	1,	'Admin Admin',	'admin@argon.com',	'2023-04-06 10:38:54',	'2023-04-06 10:38:54'),
(290,	'Modul Master Telaahan Staf',	'Update Data',	16,	1,	'Admin Admin',	'admin@argon.com',	'2023-04-06 10:39:23',	'2023-04-06 10:39:23'),
(291,	'Modul Master Telaahan Staf',	'Update Data',	16,	1,	'Admin Admin',	'admin@argon.com',	'2023-04-06 10:39:41',	'2023-04-06 10:39:41'),
(292,	'Modul Master Telaahan Staf',	'Update Data',	16,	1,	'Admin Admin',	'admin@argon.com',	'2023-04-06 10:40:18',	'2023-04-06 10:40:18'),
(293,	'Modul Master Telaahan Staf',	'Update Data',	16,	1,	'Admin Admin',	'admin@argon.com',	'2023-04-06 10:42:03',	'2023-04-06 10:42:03'),
(294,	'Modul Master Telaahan Staf',	'Update Data',	16,	1,	'Admin Admin',	'admin@argon.com',	'2023-04-06 10:44:24',	'2023-04-06 10:44:24'),
(295,	'Modul Master Telaahan Staf',	'Update Data',	16,	1,	'Admin Admin',	'admin@argon.com',	'2023-04-06 10:51:26',	'2023-04-06 10:51:26'),
(296,	'Modul Pegawai',	'Update Data',	93,	1,	'Admin Admin',	'admin@argon.com',	'2023-04-06 14:55:33',	'2023-04-06 14:55:33'),
(297,	'Modul Pegawai',	'Update Data',	93,	1,	'Admin Admin',	'admin@argon.com',	'2023-04-06 14:58:06',	'2023-04-06 14:58:06'),
(298,	'Modul Master Ts rincian',	'Tambah Data',	34,	1,	'Admin Admin',	'admin@argon.com',	'2023-04-06 15:32:03',	'2023-04-06 15:32:03'),
(299,	'Modul Master Ts rincian',	'Tambah Data',	35,	1,	'Admin Admin',	'admin@argon.com',	'2023-04-06 15:42:27',	'2023-04-06 15:42:27'),
(300,	'Modul Master Ts rincian',	'Tambah Data',	36,	1,	'Admin Admin',	'admin@argon.com',	'2023-04-06 15:47:49',	'2023-04-06 15:47:49'),
(301,	'Modul Pegawai',	'Update Data',	7,	1,	'Admin Admin',	'admin@argon.com',	'2023-04-08 05:58:04',	'2023-04-08 05:58:04'),
(302,	'Modul Pegawai',	'Update Data',	7,	1,	'Admin Admin',	'admin@argon.com',	'2023-04-08 06:14:38',	'2023-04-08 06:14:38'),
(303,	'Modul Master Ts rincian',	'Tambah Data',	37,	1,	'Admin Admin',	'admin@argon.com',	'2023-04-08 06:16:09',	'2023-04-08 06:16:09'),
(304,	'Modul TS Master Rincian',	'Hapus Data',	34,	1,	'Admin Admin',	'admin@argon.com',	'2023-04-08 06:48:12',	'2023-04-08 06:48:12'),
(305,	'Modul Master Ts rincian',	'Tambah Data',	38,	1,	'Admin Admin',	'admin@argon.com',	'2023-04-08 07:01:07',	'2023-04-08 07:01:07'),
(306,	'Modul Master Ts rincian',	'Tambah Data',	39,	1,	'Admin Admin',	'admin@argon.com',	'2023-04-09 08:10:41',	'2023-04-09 08:10:41'),
(307,	'Modul Master Ts rincian',	'Tambah Data',	40,	1,	'Admin Admin',	'admin@argon.com',	'2023-04-09 09:07:57',	'2023-04-09 09:07:57'),
(308,	'Modul Master Ts rincian',	'Tambah Data',	41,	1,	'Admin Admin',	'admin@argon.com',	'2023-04-09 09:09:43',	'2023-04-09 09:09:43'),
(309,	'Modul Pegawai',	'Update Data',	93,	1,	'Admin Admin',	'admin@argon.com',	'2023-04-09 09:12:24',	'2023-04-09 09:12:24'),
(310,	'Modul Master Telaahan Staf',	'Update Data',	16,	1,	'Admin Admin',	'admin@argon.com',	'2023-04-09 09:20:22',	'2023-04-09 09:20:22'),
(311,	'Modul Transaksi Master Telaahan Staf',	'Update Data Kirim Ke Verifikator',	16,	1,	'Admin Admin',	'admin@argon.com',	'2023-04-09 14:11:52',	'2023-04-09 14:11:52'),
(312,	'Modul Master Ts rincian',	'Tambah Data',	42,	1,	'Admin Admin',	'admin@argon.com',	'2023-04-09 16:38:58',	'2023-04-09 16:38:58'),
(313,	'Modul Master Telaahan Staf',	'Update Data',	13,	1,	'Admin Admin',	'admin@argon.com',	'2023-04-09 16:40:40',	'2023-04-09 16:40:40'),
(314,	'Modul Master Ts rincian',	'Tambah Data',	43,	1,	'Admin Admin',	'admin@argon.com',	'2023-04-09 16:40:56',	'2023-04-09 16:40:56'),
(315,	'Modul Master Ts rincian',	'Tambah Data',	44,	1,	'Admin Admin',	'admin@argon.com',	'2023-04-09 16:41:14',	'2023-04-09 16:41:14'),
(316,	'Modul Transaksi Master Telaahan Staf',	'Update Data Kirim Ke Verifikator',	13,	1,	'Admin Admin',	'admin@argon.com',	'2023-04-09 16:42:11',	'2023-04-09 16:42:11'),
(317,	'Modul Master Telaahan Staf',	'Update Data',	14,	1,	'Admin Admin',	'admin@argon.com',	'2023-04-09 16:53:20',	'2023-04-09 16:53:20'),
(318,	'Modul Verifikator',	'Update Data Status TS',	13,	1,	'Admin Admin',	'admin@argon.com',	'2023-04-09 21:56:28',	'2023-04-09 21:56:28'),
(319,	'Modul Verifikator',	'Update Data Status TS',	13,	1,	'Admin Admin',	'admin@argon.com',	'2023-04-09 21:58:56',	'2023-04-09 21:58:56'),
(320,	'Modul Verifikator',	'Update Data Status TS',	13,	1,	'Admin Admin',	'admin@argon.com',	'2023-04-09 21:59:06',	'2023-04-09 21:59:06'),
(321,	'Modul Verifikator',	'Update Data Status TS',	13,	1,	'Admin Admin',	'admin@argon.com',	'2023-04-09 21:59:17',	'2023-04-09 21:59:17'),
(322,	'Modul Verifikator',	'Update Data Status TS',	13,	1,	'Admin Admin',	'admin@argon.com',	'2023-04-09 22:03:06',	'2023-04-09 22:03:06'),
(323,	'Modul Verifikator',	'Update Data Status TS',	13,	1,	'Admin Admin',	'admin@argon.com',	'2023-04-09 22:04:13',	'2023-04-09 22:04:13'),
(324,	'Modul Verifikator',	'Update Data Status TS',	13,	1,	'Admin Admin',	'admin@argon.com',	'2023-04-09 22:16:32',	'2023-04-09 22:16:32'),
(325,	'Modul Verifikator',	'Update Data Status TS',	13,	1,	'Admin Admin',	'admin@argon.com',	'2023-04-09 22:33:53',	'2023-04-09 22:33:53'),
(326,	'Modul Transaksi Master Telaahan Staf',	'Update Data Kirim Ke Verifikator',	13,	1,	'Admin Admin',	'admin@argon.com',	'2023-04-09 22:35:07',	'2023-04-09 22:35:07'),
(327,	'Modul Verifikator',	'Update Data Status TS',	13,	1,	'Admin Admin',	'admin@argon.com',	'2023-04-09 22:38:56',	'2023-04-09 22:38:56'),
(328,	'Modul Transaksi Master Telaahan Staf',	'Update Data Kirim Ke Verifikator',	13,	1,	'Admin Admin',	'admin@argon.com',	'2023-04-09 22:39:15',	'2023-04-09 22:39:15'),
(329,	'Modul Verifikator',	'Update Data Status TS',	13,	1,	'Admin Admin',	'admin@argon.com',	'2023-04-09 22:39:44',	'2023-04-09 22:39:44'),
(330,	'Modul Transaksi Master Telaahan Staf',	'Update Data Kirim Ke Verifikator',	13,	1,	'Admin Admin',	'admin@argon.com',	'2023-04-09 22:43:33',	'2023-04-09 22:43:33'),
(331,	'Modul Verifikator',	'Update Data Status TS',	13,	1,	'Admin Admin',	'admin@argon.com',	'2023-04-09 22:45:20',	'2023-04-09 22:45:20'),
(332,	'Modul Transaksi Master Telaahan Staf',	'Update Data Kirim Ke Verifikator',	13,	1,	'Admin Admin',	'admin@argon.com',	'2023-04-09 22:46:34',	'2023-04-09 22:46:34'),
(333,	'Modul Verifikator',	'Update Data Status TS',	13,	1,	'Admin Admin',	'admin@argon.com',	'2023-04-09 22:49:38',	'2023-04-09 22:49:38'),
(334,	'Modul Transaksi Master Telaahan Staf',	'Update Data Kirim Ke Verifikator',	13,	1,	'Admin Admin',	'admin@argon.com',	'2023-04-09 22:53:16',	'2023-04-09 22:53:16'),
(335,	'Modul Verifikator',	'Update Data Status TS',	13,	1,	'Admin Admin',	'admin@argon.com',	'2023-04-09 22:54:20',	'2023-04-09 22:54:20'),
(336,	'Modul Transaksi Master Telaahan Staf',	'Update Data Kirim Ke Verifikator',	13,	1,	'Admin Admin',	'admin@argon.com',	'2023-04-09 22:54:30',	'2023-04-09 22:54:30'),
(337,	'Modul Verifikator',	'Update Data Status TS',	13,	1,	'Admin Admin',	'admin@argon.com',	'2023-04-09 22:54:49',	'2023-04-09 22:54:49'),
(338,	'Modul Transaksi Master Telaahan Staf',	'Update Data Kirim Ke Verifikator',	13,	1,	'Admin Admin',	'admin@argon.com',	'2023-04-09 22:55:00',	'2023-04-09 22:55:00'),
(339,	'Modul Verifikator',	'Update Data Status TS',	13,	1,	'Admin Admin',	'admin@argon.com',	'2023-04-09 22:55:11',	'2023-04-09 22:55:11'),
(340,	'Modul Transaksi Master Telaahan Staf',	'Update Data Kirim Ke Verifikator',	13,	1,	'Admin Admin',	'admin@argon.com',	'2023-04-09 22:56:39',	'2023-04-09 22:56:39'),
(341,	'Modul Verifikator',	'Update Data Status TS',	13,	1,	'Admin Admin',	'admin@argon.com',	'2023-04-09 22:56:57',	'2023-04-09 22:56:57'),
(342,	'Modul Transaksi Master Telaahan Staf',	'Update Data Kirim Ke Verifikator',	13,	1,	'Admin Admin',	'admin@argon.com',	'2023-04-10 01:36:36',	'2023-04-10 01:36:36'),
(343,	'Modul Verifikator',	'Update Data Status TS',	13,	1,	'Admin Admin',	'admin@argon.com',	'2023-04-10 01:38:51',	'2023-04-10 01:38:51'),
(344,	'Modul Transaksi Master Telaahan Staf',	'Update Data Kirim Ke Verifikator',	13,	1,	'Admin Admin',	'admin@argon.com',	'2023-04-10 01:39:16',	'2023-04-10 01:39:16'),
(345,	'Modul Verifikator',	'Update Data Status TS',	13,	1,	'Admin Admin',	'admin@argon.com',	'2023-04-10 01:39:34',	'2023-04-10 01:39:34'),
(346,	'Modul Transaksi Master Telaahan Staf',	'Update Data Kirim Ke Verifikator',	13,	1,	'Admin Admin',	'admin@argon.com',	'2023-04-10 02:01:17',	'2023-04-10 02:01:17'),
(347,	'Modul Verifikator',	'Update Data Status TS',	13,	1,	'Admin Admin',	'admin@argon.com',	'2023-04-10 02:14:23',	'2023-04-10 02:14:23'),
(348,	'Modul Verifikator',	'Update Data Status TS',	13,	1,	'Admin Admin',	'admin@argon.com',	'2023-04-10 02:15:05',	'2023-04-10 02:15:05'),
(349,	'Modul Verifikator',	'Update Data Status TS',	13,	1,	'Admin Admin',	'admin@argon.com',	'2023-04-10 02:17:06',	'2023-04-10 02:17:06'),
(350,	'Modul Verifikator',	'Update Data Status TS',	13,	1,	'Admin Admin',	'admin@argon.com',	'2023-04-10 02:18:03',	'2023-04-10 02:18:03'),
(351,	'Modul Verifikator',	'Update Data Status TS',	13,	1,	'Admin Admin',	'admin@argon.com',	'2023-04-10 02:22:13',	'2023-04-10 02:22:13'),
(352,	'Modul Verifikator',	'Update Data Status TS',	13,	1,	'Admin Admin',	'admin@argon.com',	'2023-04-10 02:27:08',	'2023-04-10 02:27:08'),
(353,	'Modul Verifikator',	'Update Data Status TS',	13,	1,	'Admin Admin',	'admin@argon.com',	'2023-04-10 02:27:37',	'2023-04-10 02:27:37'),
(354,	'Modul Verifikator',	'Update Data Status TS',	13,	1,	'Admin Admin',	'admin@argon.com',	'2023-04-10 02:28:54',	'2023-04-10 02:28:54'),
(355,	'Modul Verifikator',	'Update Data Status TS',	13,	1,	'Admin Admin',	'admin@argon.com',	'2023-04-10 02:29:16',	'2023-04-10 02:29:16'),
(356,	'Modul Verifikator',	'Update Data Status TS',	13,	1,	'Admin Admin',	'admin@argon.com',	'2023-04-10 02:29:30',	'2023-04-10 02:29:30'),
(357,	'Modul Verifikator',	'Update Data Status TS',	13,	1,	'Admin Admin',	'admin@argon.com',	'2023-04-10 02:29:58',	'2023-04-10 02:29:58'),
(358,	'Modul Transaksi Master Telaahan Staf',	'Update Data Kirim Ke Verifikator',	13,	1,	'Admin Admin',	'admin@argon.com',	'2023-04-10 02:30:10',	'2023-04-10 02:30:10'),
(359,	'Modul Verifikator',	'Update Data Status TS',	13,	1,	'Admin Admin',	'admin@argon.com',	'2023-04-10 02:30:25',	'2023-04-10 02:30:25'),
(360,	'Modul Transaksi Master Telaahan Staf',	'Update Data Kirim Ke Verifikator',	16,	1,	'Admin Admin',	'admin@argon.com',	'2023-04-10 02:38:07',	'2023-04-10 02:38:07'),
(361,	'Modul Kontrol e-SPD',	'Update Data Status Rekom e-SPD',	13,	1,	'Admin Admin',	'admin@argon.com',	'2023-04-10 06:39:43',	'2023-04-10 06:39:43'),
(362,	'Modul Kontrol e-SPD',	'Update Data Status Rekom e-SPD',	13,	1,	'Admin Admin',	'admin@argon.com',	'2023-04-10 06:43:17',	'2023-04-10 06:43:17'),
(363,	'Modul Kontrol e-SPD',	'Update Data Status Rekom e-SPD',	13,	1,	'Admin Admin',	'admin@argon.com',	'2023-04-10 07:37:25',	'2023-04-10 07:37:25'),
(364,	'Modul Kontrol e-SPD',	'Update Data Rekom e-SPD',	13,	1,	'Admin Admin',	'admin@argon.com',	'2023-04-12 02:20:16',	'2023-04-12 02:20:16'),
(365,	'Modul Ts_master',	'Create Data',	17,	1,	'Admin Admin',	'admin@argon.com',	'2023-04-12 03:57:36',	'2023-04-12 03:57:36'),
(366,	'Modul Ts_master',	'Create Data',	18,	1,	'Admin Admin',	'admin@argon.com',	'2023-04-12 03:57:50',	'2023-04-12 03:57:50'),
(367,	'Modul TS Master',	'Hapus Data',	17,	1,	'Admin Admin',	'admin@argon.com',	'2023-04-12 03:59:50',	'2023-04-12 03:59:50'),
(368,	'Modul TS Master',	'Hapus Data',	18,	1,	'Admin Admin',	'admin@argon.com',	'2023-04-12 03:59:56',	'2023-04-12 03:59:56'),
(369,	'Modul Ts_master',	'Create Data',	19,	1,	'Admin Admin',	'admin@argon.com',	'2023-04-12 04:00:56',	'2023-04-12 04:00:56'),
(370,	'Modul TS Master',	'Hapus Data',	19,	1,	'Admin Admin',	'admin@argon.com',	'2023-04-12 04:01:47',	'2023-04-12 04:01:47'),
(371,	'Modul Ts_master',	'Create Data',	20,	1,	'Admin Admin',	'admin@argon.com',	'2023-04-12 04:03:19',	'2023-04-12 04:03:19'),
(372,	'Modul Master Telaahan Staf',	'Update Data',	20,	1,	'Admin Admin',	'admin@argon.com',	'2023-04-12 04:23:32',	'2023-04-12 04:23:32'),
(373,	'Modul Master Telaahan Staf',	'Update Data',	20,	1,	'Admin Admin',	'admin@argon.com',	'2023-04-12 04:30:41',	'2023-04-12 04:30:41'),
(374,	'Modul Master Telaahan Staf',	'Update Data',	20,	1,	'Admin Admin',	'admin@argon.com',	'2023-04-12 04:34:52',	'2023-04-12 04:34:52'),
(375,	'Modul Master Telaahan Staf',	'Update Data',	20,	1,	'Admin Admin',	'admin@argon.com',	'2023-04-12 04:37:05',	'2023-04-12 04:37:05'),
(376,	'Modul Master Telaahan Staf',	'Update Data',	20,	1,	'Admin Admin',	'admin@argon.com',	'2023-04-12 04:40:02',	'2023-04-12 04:40:02'),
(377,	'Modul Master Telaahan Staf',	'Update Data',	20,	1,	'Admin Admin',	'admin@argon.com',	'2023-04-12 04:45:33',	'2023-04-12 04:45:33'),
(378,	'Modul Master Telaahan Staf',	'Update Data',	20,	1,	'Admin Admin',	'admin@argon.com',	'2023-04-12 04:47:07',	'2023-04-12 04:47:07'),
(379,	'Modul Master Telaahan Staf',	'Update Data',	20,	1,	'Admin Admin',	'admin@argon.com',	'2023-04-12 04:47:48',	'2023-04-12 04:47:48'),
(380,	'Modul Transaksi Master Telaahan Staf',	'Update Data Kirim Ke Verifikator',	20,	1,	'Admin Admin',	'admin@argon.com',	'2023-04-12 05:58:50',	'2023-04-12 05:58:50'),
(381,	'Modul Verifikator',	'Update Data Status TS',	20,	1,	'Admin Admin',	'admin@argon.com',	'2023-04-12 06:03:41',	'2023-04-12 06:03:41'),
(382,	'Modul Kontrol e-SPD',	'Update Data Status Rekom e-SPD',	13,	1,	'Admin Admin',	'admin@argon.com',	'2023-04-12 07:06:28',	'2023-04-12 07:06:28'),
(383,	'Modul Master Ts rincian',	'Tambah Data',	45,	1,	'Admin Admin',	'admin@argon.com',	'2023-04-12 07:10:07',	'2023-04-12 07:10:07'),
(384,	'Modul Kontrol e-SPD',	'Update Data Rekom e-SPD',	20,	1,	'Admin Admin',	'admin@argon.com',	'2023-04-12 07:54:48',	'2023-04-12 07:54:48'),
(385,	'Modul Kontrol e-SPD',	'Update Data Rekom e-SPD',	20,	1,	'Admin Admin',	'admin@argon.com',	'2023-04-12 14:14:15',	'2023-04-12 14:14:15'),
(386,	'Modul Kontrol e-SPD',	'Update Data Rekom e-SPD',	20,	1,	'Admin Admin',	'admin@argon.com',	'2023-04-12 14:15:15',	'2023-04-12 14:15:15'),
(387,	'Modul Kontrol e-SPD',	'Update Data Rekom e-SPD',	20,	1,	'Admin Admin',	'admin@argon.com',	'2023-04-12 14:16:56',	'2023-04-12 14:16:56'),
(388,	'Modul Kontrol e-SPD',	'Update Data Rekom e-SPD',	20,	1,	'Admin Admin',	'admin@argon.com',	'2023-04-12 14:17:22',	'2023-04-12 14:17:22'),
(389,	'Modul Kontrol e-SPD',	'Update Data Rekom e-SPD',	13,	1,	'Admin Admin',	'admin@argon.com',	'2023-04-12 14:18:27',	'2023-04-12 14:18:27'),
(390,	'Modul Kontrol e-SPD',	'Update Data Rekom e-SPD',	20,	1,	'Admin Admin',	'admin@argon.com',	'2023-04-12 14:23:27',	'2023-04-12 14:23:27'),
(391,	'Modul Kontrol e-SPD',	'Update Data Rekom e-SPD',	20,	1,	'Admin Admin',	'admin@argon.com',	'2023-04-12 14:23:34',	'2023-04-12 14:23:34'),
(392,	'Modul Kontrol e-SPD',	'Update Data Rekom e-SPD',	20,	1,	'Admin Admin',	'admin@argon.com',	'2023-04-12 14:23:38',	'2023-04-12 14:23:38'),
(393,	'Modul Kontrol e-SPD',	'Update Data Rekom e-SPD',	20,	1,	'Admin Admin',	'admin@argon.com',	'2023-04-12 14:24:01',	'2023-04-12 14:24:01'),
(394,	'Modul Kontrol e-SPD',	'Update Data Rekom e-SPD',	13,	1,	'Admin Admin',	'admin@argon.com',	'2023-04-12 14:29:38',	'2023-04-12 14:29:38'),
(395,	'Modul Kontrol e-SPD',	'Update Data Rekom e-SPD',	13,	1,	'Admin Admin',	'admin@argon.com',	'2023-04-12 14:32:45',	'2023-04-12 14:32:45'),
(396,	'Modul Kontrol e-SPD',	'Update Data Rekom e-SPD',	20,	1,	'Admin Admin',	'admin@argon.com',	'2023-04-12 14:33:12',	'2023-04-12 14:33:12'),
(397,	'Modul Kontrol e-SPD',	'Update Data Rekom e-SPD',	20,	1,	'Admin Admin',	'admin@argon.com',	'2023-04-12 15:02:00',	'2023-04-12 15:02:00'),
(398,	'Modul Kontrol e-SPD',	'Update Data Status Rekom e-SPD',	20,	1,	'Admin Admin',	'admin@argon.com',	'2023-04-12 15:11:15',	'2023-04-12 15:11:15'),
(399,	'Modul Kontrol e-SPD',	'Update Data Status Rekom e-SPD',	13,	1,	'Admin Admin',	'admin@argon.com',	'2023-04-12 15:18:32',	'2023-04-12 15:18:32'),
(400,	'Modul Kontrol e-SPD',	'Update Data Rekom e-SPD',	13,	1,	'Admin Admin',	'admin@argon.com',	'2023-04-12 15:18:38',	'2023-04-12 15:18:38'),
(401,	'Modul Pegawai',	'Create Data',	194,	1,	'Admin Admin',	'admin@argon.com',	'2023-04-13 02:09:44',	'2023-04-13 02:09:44'),
(402,	'Modul Master Ts rincian',	'Tambah Data',	46,	1,	'Admin Admin',	'admin@argon.com',	'2023-04-13 02:12:04',	'2023-04-13 02:12:04'),
(403,	'Modul TS Master Rincian',	'Hapus Data',	46,	1,	'Admin Admin',	'admin@argon.com',	'2023-04-13 02:12:10',	'2023-04-13 02:12:10'),
(404,	'Modul Master Ts rincian',	'Tambah Data',	47,	1,	'Admin Admin',	'admin@argon.com',	'2023-04-13 02:13:02',	'2023-04-13 02:13:02'),
(405,	'Modul Ts_master',	'Create Data',	21,	1,	'Admin Admin',	'admin@argon.com',	'2023-04-13 02:18:11',	'2023-04-13 02:18:11'),
(406,	'Modul Ts_master',	'Create Data',	22,	1,	'Admin Admin',	'admin@argon.com',	'2023-04-13 02:18:12',	'2023-04-13 02:18:12'),
(407,	'Modul TS Master',	'Hapus Data',	22,	1,	'Admin Admin',	'admin@argon.com',	'2023-04-13 02:18:20',	'2023-04-13 02:18:20'),
(408,	'Modul Master Ts rincian',	'Tambah Data',	48,	1,	'Admin Admin',	'admin@argon.com',	'2023-04-13 02:19:34',	'2023-04-13 02:19:34'),
(409,	'Modul Transaksi Master Telaahan Staf',	'Update Data Kirim Ke Verifikator',	21,	1,	'Admin Admin',	'admin@argon.com',	'2023-04-13 02:19:47',	'2023-04-13 02:19:47'),
(410,	'Modul Verifikator',	'Update Data Status TS',	21,	1,	'Admin Admin',	'admin@argon.com',	'2023-04-13 02:21:04',	'2023-04-13 02:21:04'),
(411,	'Modul Kontrol e-SPD',	'Update Data Status Rekom e-SPD',	21,	1,	'Admin Admin',	'admin@argon.com',	'2023-04-13 02:24:33',	'2023-04-13 02:24:33'),
(412,	'Modul Master Ts rincian',	'Tambah Data',	49,	1,	'Admin Admin',	'admin@argon.com',	'2023-04-13 02:26:44',	'2023-04-13 02:26:44'),
(413,	'Modul TS Master Rincian',	'Hapus Data',	48,	1,	'Admin Admin',	'admin@argon.com',	'2023-04-13 02:26:49',	'2023-04-13 02:26:49'),
(414,	'Modul Transaksi Master Telaahan Staf',	'Update Data Kirim Ke Verifikator',	21,	1,	'Admin Admin',	'admin@argon.com',	'2023-04-13 02:26:56',	'2023-04-13 02:26:56'),
(415,	'Modul Kontrol e-SPD',	'Update Data Status Rekom e-SPD',	21,	1,	'Admin Admin',	'admin@argon.com',	'2023-04-13 02:28:07',	'2023-04-13 02:28:07'),
(416,	'Modul Kontrol e-SPD',	'Update Data Rekom e-SPD',	20,	1,	'Admin Admin',	'admin@argon.com',	'2023-04-13 02:29:22',	'2023-04-13 02:29:22'),
(417,	'Modul Transaksi Master Telaahan Staf',	'Update Data Kirim Ke Verifikator',	21,	1,	'Admin Admin',	'admin@argon.com',	'2023-04-13 02:32:12',	'2023-04-13 02:32:12'),
(418,	'Modul Kontrol e-SPD',	'Update Data Rekom e-SPD',	21,	1,	'Admin Admin',	'admin@argon.com',	'2023-04-13 02:32:29',	'2023-04-13 02:32:29'),
(419,	'Modul TS Master Rincian',	'Hapus Data',	43,	1,	'Admin Admin',	'admin@argon.com',	'2023-04-13 08:59:24',	'2023-04-13 08:59:24'),
(420,	'Modul TS Master Rincian',	'Hapus Data',	44,	1,	'Admin Admin',	'admin@argon.com',	'2023-04-13 08:59:28',	'2023-04-13 08:59:28'),
(421,	'Modul Master Ts rincian',	'Tambah Data',	50,	1,	'Admin Admin',	'admin@argon.com',	'2023-04-13 09:00:47',	'2023-04-13 09:00:47'),
(422,	'Modul Master Ts rincian',	'Tambah Data',	51,	1,	'Admin Admin',	'admin@argon.com',	'2023-04-13 09:00:47',	'2023-04-13 09:00:47'),
(423,	'Modul Master Ts rincian',	'Tambah Data',	52,	1,	'Admin Admin',	'admin@argon.com',	'2023-04-13 10:32:24',	'2023-04-13 10:32:24'),
(424,	'Modul Master Ts rincian',	'Tambah Data',	53,	1,	'Admin Admin',	'admin@argon.com',	'2023-04-13 10:33:04',	'2023-04-13 10:33:04'),
(425,	'Modul TS Master Rincian',	'Hapus Data',	53,	1,	'Admin Admin',	'admin@argon.com',	'2023-04-13 10:39:31',	'2023-04-13 10:39:31'),
(426,	'Modul Master Ts rincian',	'Tambah Data',	54,	1,	'Admin Admin',	'admin@argon.com',	'2023-04-13 10:41:48',	'2023-04-13 10:41:48'),
(427,	'Modul Master Ts rincian',	'Tambah Data',	55,	1,	'Admin Admin',	'admin@argon.com',	'2023-04-13 10:41:48',	'2023-04-13 10:41:48'),
(428,	'Modul Transaksi Master Telaahan Staf',	'Update Data Kirim Ke Verifikator',	13,	1,	'Admin Admin',	'admin@argon.com',	'2023-04-13 12:43:27',	'2023-04-13 12:43:27'),
(429,	'Modul Users',	'Update Data',	2,	1,	'Admin Admin',	'admin@argon.com',	'2023-04-13 14:25:56',	'2023-04-13 14:25:56'),
(430,	'Modul Users',	'Update Data',	26,	1,	'Admin Admin',	'admin@argon.com',	'2023-04-13 14:26:58',	'2023-04-13 14:26:58'),
(431,	'Modul Users',	'Update Data',	27,	1,	'Admin Admin',	'admin@argon.com',	'2023-04-13 14:28:50',	'2023-04-13 14:28:50'),
(432,	'Modul Users',	'Update Data',	2,	1,	'Admin Admin',	'admin@argon.com',	'2023-04-13 14:55:52',	'2023-04-13 14:55:52'),
(433,	'Modul Users',	'Update Data',	26,	1,	'Admin Admin',	'admin@argon.com',	'2023-04-13 14:55:58',	'2023-04-13 14:55:58'),
(434,	'Modul TS Master Rincian',	'Hapus Data',	52,	2,	'Dr. H. HELMI, M.Ag',	'helmi@gmail.com',	'2023-04-13 15:10:29',	'2023-04-13 15:10:29'),
(435,	'Modul Master Ts rincian',	'Tambah Data',	56,	2,	'Dr. H. HELMI, M.Ag',	'helmi@gmail.com',	'2023-04-13 15:11:10',	'2023-04-13 15:11:10'),
(436,	'Modul TS Master Rincian',	'Hapus Data',	56,	2,	'Dr. H. HELMI, M.Ag',	'helmi@gmail.com',	'2023-04-13 15:11:14',	'2023-04-13 15:11:14'),
(437,	'Modul Master Ts rincian',	'Tambah Data',	57,	2,	'Dr. H. HELMI, M.Ag',	'helmi@gmail.com',	'2023-04-13 15:11:45',	'2023-04-13 15:11:45'),
(438,	'Modul TS Master Rincian',	'Hapus Data',	57,	2,	'Dr. H. HELMI, M.Ag',	'helmi@gmail.com',	'2023-04-13 15:14:48',	'2023-04-13 15:14:48'),
(439,	'Modul TS Master Rincian',	'Hapus Data',	55,	2,	'Dr. H. HELMI, M.Ag',	'helmi@gmail.com',	'2023-04-13 15:22:52',	'2023-04-13 15:22:52'),
(440,	'Modul Master Ts rincian',	'Tambah Data',	58,	2,	'Dr. H. HELMI, M.Ag',	'helmi@gmail.com',	'2023-04-13 15:23:06',	'2023-04-13 15:23:06'),
(441,	'Modul Master Ts rincian',	'Tambah Data',	59,	2,	'Dr. H. HELMI, M.Ag',	'helmi@gmail.com',	'2023-04-13 15:24:54',	'2023-04-13 15:24:54'),
(442,	'Modul Master Ts rincian',	'Tambah Data',	60,	2,	'Dr. H. HELMI, M.Ag',	'helmi@gmail.com',	'2023-04-13 15:25:10',	'2023-04-13 15:25:10'),
(443,	'Modul TS Master Rincian',	'Hapus Data',	60,	2,	'Dr. H. HELMI, M.Ag',	'helmi@gmail.com',	'2023-04-13 15:25:34',	'2023-04-13 15:25:34'),
(444,	'Modul Pegawai',	'Update Data',	30,	1,	'Admin Admin',	'admin@argon.com',	'2023-04-14 05:00:45',	'2023-04-14 05:00:45'),
(445,	'Modul Pegawai',	'Update Data',	30,	1,	'Admin Admin',	'admin@argon.com',	'2023-04-14 05:06:29',	'2023-04-14 05:06:29'),
(446,	'Modul Transaksi Master Telaahan Staf',	'Update Data SPD Halaman Pertama',	13,	1,	'Admin Admin',	'admin@argon.com',	'2023-04-14 06:41:27',	'2023-04-14 06:41:27'),
(447,	'Modul Transaksi Master Telaahan Staf',	'Update Data SPD Halaman Pertama',	13,	1,	'Admin Admin',	'admin@argon.com',	'2023-04-14 06:46:47',	'2023-04-14 06:46:47'),
(448,	'Modul Transaksi Master Telaahan Staf',	'Update Data SPD Halaman Pertama',	13,	1,	'Admin Admin',	'admin@argon.com',	'2023-04-14 06:47:50',	'2023-04-14 06:47:50'),
(449,	'Modul Users',	'Update Data',	27,	1,	'Admin Admin',	'admin@argon.com',	'2023-04-15 13:26:04',	'2023-04-15 13:26:04'),
(450,	'Modul Users',	'Update Data',	27,	1,	'Admin Admin',	'admin@argon.com',	'2023-04-15 13:46:47',	'2023-04-15 13:46:47'),
(451,	'Modul Users',	'Create Data',	28,	1,	'Admin Admin',	'admin@argon.com',	'2023-04-15 13:49:23',	'2023-04-15 13:49:23'),
(452,	'Modul Users',	'Create Data',	29,	1,	'Admin Admin',	'admin@argon.com',	'2023-04-15 14:11:23',	'2023-04-15 14:11:23'),
(453,	'Modul Kontrol e-SPD',	'Update Data Rekom e-SPD',	13,	2,	'Dr. H. HELMI, M.Ag',	'helmi@gmail.com',	'2023-04-16 10:00:42',	'2023-04-16 10:00:42'),
(454,	'Modul Ts_master',	'Create Data',	22,	29,	'H. HENDRI PANI DIAS, S.Ag, M.A',	'panidias@gmail.com',	'2023-04-17 07:43:12',	'2023-04-17 07:43:12'),
(455,	'Modul Transaksi Master Telaahan Staf',	'Update Data Kirim Ke Verifikator',	22,	29,	'H. HENDRI PANI DIAS, S.Ag, M.A',	'panidias@gmail.com',	'2023-04-17 07:44:04',	'2023-04-17 07:44:04'),
(456,	'Modul Verifikator',	'Update Data Status TS',	22,	26,	'Drs. H. MISWAN M.Pd',	'miswan@gmail.com',	'2023-04-17 07:45:31',	'2023-04-17 07:45:31'),
(457,	'Modul Master Ts rincian',	'Tambah Data',	60,	2,	'Dr. H. HELMI, M.Ag',	'helmi@gmail.com',	'2023-04-17 07:47:20',	'2023-04-17 07:47:20'),
(458,	'Modul Master Ts rincian',	'Tambah Data',	61,	2,	'Dr. H. HELMI, M.Ag',	'helmi@gmail.com',	'2023-04-17 07:47:20',	'2023-04-17 07:47:20'),
(459,	'Modul Kontrol e-SPD',	'Update Data Status Rekom e-SPD',	22,	2,	'Dr. H. HELMI, M.Ag',	'helmi@gmail.com',	'2023-04-17 07:47:28',	'2023-04-17 07:47:28'),
(460,	'Modul Kontrol e-SPD',	'Update Data Rekom e-SPD',	22,	2,	'Dr. H. HELMI, M.Ag',	'helmi@gmail.com',	'2023-04-17 07:47:53',	'2023-04-17 07:47:53'),
(461,	'Modul Transaksi Master Telaahan Staf',	'Update Data SPD Halaman Pertama',	22,	29,	'H. HENDRI PANI DIAS, S.Ag, M.A',	'panidias@gmail.com',	'2023-04-17 07:51:07',	'2023-04-17 07:51:07'),
(462,	'Modul Transaksi Master Telaahan Staf',	'Update Data SPD Halaman Pertama',	22,	29,	'H. HENDRI PANI DIAS, S.Ag, M.A',	'panidias@gmail.com',	'2023-04-17 07:53:22',	'2023-04-17 07:53:22'),
(463,	'Modul Ts_master',	'Create Data',	23,	29,	'H. HENDRI PANI DIAS, S.Ag, M.A',	'panidias@gmail.com',	'2023-04-17 07:56:30',	'2023-04-17 07:56:30'),
(464,	'Modul Master Ts rincian',	'Tambah Data',	62,	29,	'H. HENDRI PANI DIAS, S.Ag, M.A',	'panidias@gmail.com',	'2023-04-17 07:58:40',	'2023-04-17 07:58:40'),
(465,	'Modul Transaksi Master Telaahan Staf',	'Update Data Kirim Ke Verifikator',	23,	29,	'H. HENDRI PANI DIAS, S.Ag, M.A',	'panidias@gmail.com',	'2023-04-17 07:58:58',	'2023-04-17 07:58:58'),
(466,	'Modul Ts_master',	'Create Data',	24,	1,	'Admin Admin',	'admin@argon.com',	'2023-04-18 04:47:05',	'2023-04-18 04:47:05'),
(467,	'Modul Transaksi Master Telaahan Staf',	'Update Data SPD Halaman Pertama',	20,	1,	'Admin Admin',	'admin@argon.com',	'2023-05-03 09:07:56',	'2023-05-03 09:07:56'),
(468,	'Modul Transaksi Master Telaahan Staf',	'Update Data SPD Halaman Pertama',	14,	1,	'Admin Admin',	'admin@argon.com',	'2023-05-06 11:14:12',	'2023-05-06 11:14:12'),
(469,	'Modul Transaksi Master Telaahan Staf',	'Update Data Kirim Ke Verifikator',	14,	1,	'Admin Admin',	'admin@argon.com',	'2023-05-06 11:18:05',	'2023-05-06 11:18:05'),
(470,	'Modul Verifikator',	'Update Data Status TS',	14,	1,	'Admin Admin',	'admin@argon.com',	'2023-05-06 11:18:26',	'2023-05-06 11:18:26'),
(471,	'Modul Kontrol e-SPD',	'Update Data Rekom e-SPD',	14,	1,	'Admin Admin',	'admin@argon.com',	'2023-05-06 11:18:55',	'2023-05-06 11:18:55'),
(472,	'Modul Master Telaahan Staf',	'Update Data',	24,	1,	'Admin Admin',	'admin@argon.com',	'2023-06-24 03:45:21',	'2023-06-24 03:45:21'),
(473,	'Modul Ts_master',	'Create Data',	25,	1,	'Admin Admin',	'admin@argon.com',	'2023-06-26 03:04:33',	'2023-06-26 03:04:33'),
(474,	'Modul Master Ts rincian',	'Tambah Data',	63,	1,	'Admin Admin',	'admin@argon.com',	'2023-06-26 03:06:04',	'2023-06-26 03:06:04'),
(475,	'Modul Master Ts rincian',	'Tambah Data',	64,	1,	'Admin Admin',	'admin@argon.com',	'2023-06-26 03:06:26',	'2023-06-26 03:06:26'),
(476,	'Modul Master Telaahan Staf',	'Update Data',	24,	1,	'Admin Admin',	'admin@argon.com',	'2023-06-26 04:58:12',	'2023-06-26 04:58:12'),
(477,	'Modul Master Telaahan Staf',	'Update Data',	25,	1,	'Admin Admin',	'admin@argon.com',	'2023-06-26 06:39:18',	'2023-06-26 06:39:18'),
(478,	'Modul Master Telaahan Staf',	'Update Data',	25,	1,	'Admin Admin',	'admin@argon.com',	'2023-06-26 06:45:57',	'2023-06-26 06:45:57'),
(479,	'Modul Ts_master',	'Create Data',	26,	1,	'Admin Admin',	'admin@argon.com',	'2023-06-26 06:47:07',	'2023-06-26 06:47:07'),
(480,	'Modul Master Telaahan Staf',	'Update Data',	26,	1,	'Admin Admin',	'admin@argon.com',	'2023-06-26 06:48:29',	'2023-06-26 06:48:29'),
(481,	'Modul Users',	'Update Data',	1,	1,	'Admin Admin',	'admin@argon.com',	'2023-06-28 04:56:23',	'2023-06-28 04:56:23'),
(482,	'Modul Master Ts rincian',	'Tambah Data',	65,	1,	'Admin Admin',	'admin@argon.com',	'2023-06-29 12:44:09',	'2023-06-29 12:44:09'),
(483,	'Modul Transaksi Master Telaahan Staf',	'Update Data SPD Halaman Pertama',	13,	1,	'Admin Admin',	'admin@argon.com',	'2023-06-29 17:21:18',	'2023-06-29 17:21:18'),
(484,	'Modul Transaksi Master Telaahan Staf',	'Update Data Surat Tugas',	25,	1,	'Admin Admin',	'admin@argon.com',	'2023-06-29 17:49:07',	'2023-06-29 17:49:07'),
(485,	'Modul Pegawai',	'Update Data',	17,	1,	'Admin Admin',	'admin@argon.com',	'2023-07-04 19:49:14',	'2023-07-04 19:49:14'),
(486,	'Modul Transaksi Master Telaahan Staf',	'Update Data Surat Tugas',	25,	1,	'Admin Admin',	'admin@argon.com',	'2023-07-05 11:39:43',	'2023-07-05 11:39:43'),
(487,	'Modul  - Modul System',	'Create Data',	27,	1,	'Admin Admin',	'admin@argon.com',	'2023-07-09 22:31:32',	'2023-07-09 22:31:32'),
(488,	'Modul - Modul System',	'Update Data',	27,	1,	'Admin Admin',	'admin@argon.com',	'2023-07-09 22:31:42',	'2023-07-09 22:31:42'),
(489,	'Modul Transaksi Master Telaahan Staf',	'Update Data Surat Tugas',	25,	1,	'Admin Admin',	'admin@argon.com',	'2023-07-10 01:39:28',	'2023-07-10 01:39:28'),
(490,	'Modul Master Ts rincian',	'Tambah Data',	66,	1,	'Admin Admin',	'admin@argon.com',	'2023-07-10 01:56:01',	'2023-07-10 01:56:01'),
(491,	'Modul Users',	'Update Data',	1,	1,	'Admin Admin',	'admin@argon.com',	'2023-07-10 02:10:25',	'2023-07-10 02:10:25'),
(492,	'Modul Pegawai',	'Update Data',	27,	1,	'Admin Admin',	'admin@argon.com',	'2023-07-10 02:14:28',	'2023-07-10 02:14:28'),
(493,	'Modul Pegawai',	'Update Data',	17,	1,	'Admin Admin',	'admin@argon.com',	'2023-07-10 02:16:05',	'2023-07-10 02:16:05'),
(494,	'Modul Transaksi Master Telaahan Staf',	'Update Data SPD Halaman Pertama',	13,	1,	'Admin Admin',	'admin@argon.com',	'2023-07-10 07:25:57',	'2023-07-10 07:25:57'),
(495,	'Modul Master Telaahan Staf',	'Update Data',	26,	1,	'Admin Admin',	'admin@argon.com',	'2023-07-10 07:26:18',	'2023-07-10 07:26:18'),
(496,	'Modul Kontrol e-SPD',	'Update Data Status Rekom e-SPD',	22,	1,	'Admin Admin',	'admin@argon.com',	'2023-07-10 07:48:52',	'2023-07-10 07:48:52'),
(497,	'Modul TS Master Rincian',	'Hapus Data',	63,	1,	'Admin Admin',	'admin@argon.com',	'2023-07-10 08:04:17',	'2023-07-10 08:04:17'),
(498,	'Modul Master Ts rincian',	'Tambah Data',	67,	1,	'Admin Admin',	'admin@argon.com',	'2023-07-10 08:04:30',	'2023-07-10 08:04:30'),
(499,	'Modul Master Ts rincian',	'Tambah Data',	68,	1,	'Admin Admin',	'admin@argon.com',	'2023-07-10 08:04:50',	'2023-07-10 08:04:50'),
(500,	'Modul TS Master Rincian',	'Hapus Data',	68,	1,	'Admin Admin',	'admin@argon.com',	'2023-07-10 08:04:55',	'2023-07-10 08:04:55'),
(501,	'Modul Master Ts rincian',	'Tambah Data',	69,	1,	'Admin Admin',	'admin@argon.com',	'2023-07-10 08:06:10',	'2023-07-10 08:06:10'),
(502,	'Modul Master Ts rincian',	'Tambah Data',	70,	1,	'Admin Admin',	'admin@argon.com',	'2023-07-10 08:08:57',	'2023-07-10 08:08:57'),
(503,	'Modul Master Ts rincian',	'Tambah Data',	71,	1,	'Admin Admin',	'admin@argon.com',	'2023-07-10 08:17:35',	'2023-07-10 08:17:35'),
(504,	'Modul Master Ts rincian',	'Tambah Data',	72,	1,	'Admin Admin',	'admin@argon.com',	'2023-07-10 08:18:41',	'2023-07-10 08:18:41'),
(505,	'Modul Master Ts rincian',	'Tambah Data',	73,	1,	'Admin Admin',	'admin@argon.com',	'2023-07-10 08:22:56',	'2023-07-10 08:22:56'),
(506,	'Modul Master Ts rincian',	'Tambah Data',	74,	1,	'Admin Admin',	'admin@argon.com',	'2023-07-10 08:26:25',	'2023-07-10 08:26:25'),
(507,	'Modul TS Master Rincian',	'Hapus Data',	74,	1,	'Admin Admin',	'admin@argon.com',	'2023-07-10 08:30:01',	'2023-07-10 08:30:01'),
(508,	'Modul Master Ts rincian',	'Tambah Data',	75,	1,	'Admin Admin',	'admin@argon.com',	'2023-07-10 08:30:10',	'2023-07-10 08:30:10'),
(509,	'Modul Master Ts rincian',	'Tambah Data',	76,	1,	'Admin Admin',	'admin@argon.com',	'2023-07-10 08:31:40',	'2023-07-10 08:31:40'),
(510,	'Modul Master Ts rincian',	'Tambah Data',	77,	1,	'Admin Admin',	'admin@argon.com',	'2023-07-10 08:33:53',	'2023-07-10 08:33:53'),
(511,	'Modul Master Ts rincian',	'Tambah Data',	78,	1,	'Admin Admin',	'admin@argon.com',	'2023-07-10 08:38:37',	'2023-07-10 08:38:37'),
(512,	'Modul Master Ts rincian',	'Tambah Data',	79,	1,	'Admin Admin',	'admin@argon.com',	'2023-07-10 08:43:58',	'2023-07-10 08:43:58'),
(513,	'Modul TS Master Rincian',	'Hapus Data',	79,	1,	'Admin Admin',	'admin@argon.com',	'2023-07-10 08:46:34',	'2023-07-10 08:46:34'),
(514,	'Modul Kontrol e-SPD',	'Update Data Rekom e-SPD',	25,	1,	'Admin Admin',	'admin@argon.com',	'2023-07-10 08:49:05',	'2023-07-10 08:49:05'),
(515,	'Modul Users',	'Create Data',	31,	1,	'Admin Admin',	'admin@argon.com',	'2023-07-10 20:20:08',	'2023-07-10 20:20:08'),
(516,	'Modul Pegawai',	'Update Data',	76,	1,	'Admin Admin',	'admin@argon.com',	'2023-07-11 20:04:29',	'2023-07-11 20:04:29'),
(517,	'Modul Pegawai',	'Update Data',	91,	1,	'Admin Admin',	'admin@argon.com',	'2023-07-11 20:23:30',	'2023-07-11 20:23:30'),
(518,	'Modul Pegawai',	'Update Data',	76,	1,	'Admin Admin',	'admin@argon.com',	'2023-07-11 20:43:23',	'2023-07-11 20:43:23'),
(519,	'Modul Pegawai',	'Update Data',	76,	1,	'Admin Admin',	'admin@argon.com',	'2023-07-11 22:01:34',	'2023-07-11 22:01:34'),
(520,	'Modul Master Telaahan Staf',	'Update Data',	26,	1,	'Admin Admin',	'admin@argon.com',	'2023-07-12 06:26:00',	'2023-07-12 06:26:00'),
(521,	'Modul Master Telaahan Staf',	'Update Data',	26,	1,	'Admin Admin',	'admin@argon.com',	'2023-07-12 06:26:09',	'2023-07-12 06:26:09'),
(522,	'Modul Ts_master',	'Create Data',	27,	1,	'Admin Admin',	'admin@argon.com',	'2023-07-12 07:03:02',	'2023-07-12 07:03:02'),
(523,	'Modul Master Telaahan Staf',	'Update Data',	27,	1,	'Admin Admin',	'admin@argon.com',	'2023-07-12 07:03:38',	'2023-07-12 07:03:38'),
(524,	'Modul Master Telaahan Staf',	'Update Data',	27,	1,	'Admin Admin',	'admin@argon.com',	'2023-07-12 07:03:54',	'2023-07-12 07:03:54'),
(525,	'Modul Transaksi Master Telaahan Staf',	'Update Data Kirim Ke Verifikator',	27,	1,	'Admin Admin',	'admin@argon.com',	'2023-07-12 07:06:03',	'2023-07-12 07:06:03'),
(526,	'Modul Transaksi Master Telaahan Staf',	'Update Data Kirim Ke Verifikator',	27,	1,	'Admin Admin',	'admin@argon.com',	'2023-07-12 07:16:35',	'2023-07-12 07:16:35'),
(527,	'Modul Transaksi Master Telaahan Staf',	'Update Data Kirim Ke Verifikator',	27,	1,	'Admin Admin',	'admin@argon.com',	'2023-07-12 07:19:46',	'2023-07-12 07:19:46'),
(528,	'Modul Master Ts rincian',	'Tambah Data',	80,	1,	'Admin Admin',	'admin@argon.com',	'2023-07-12 07:23:13',	'2023-07-12 07:23:13'),
(529,	'Modul Transaksi Master Telaahan Staf',	'Update Data Kirim Ke Verifikator',	27,	1,	'Admin Admin',	'admin@argon.com',	'2023-07-12 07:23:17',	'2023-07-12 07:23:17'),
(530,	'Modul Verifikator',	'Update Data Status TS',	27,	1,	'Admin Admin',	'admin@argon.com',	'2023-07-12 07:24:46',	'2023-07-12 07:24:46'),
(531,	'Modul Kontrol e-SPD',	'Update Data Status Rekom e-SPD',	27,	1,	'Admin Admin',	'admin@argon.com',	'2023-07-12 07:28:45',	'2023-07-12 07:28:45'),
(532,	'Modul Transaksi Master Telaahan Staf',	'Update Data SPD Halaman Pertama',	27,	1,	'Admin Admin',	'admin@argon.com',	'2023-07-12 18:10:16',	'2023-07-12 18:10:16'),
(533,	'Modul Transaksi Master Telaahan Staf',	'Update Data SPD Halaman Pertama',	27,	1,	'Admin Admin',	'admin@argon.com',	'2023-07-12 18:11:33',	'2023-07-12 18:11:33'),
(534,	'Modul Transaksi Master Telaahan Staf',	'Update Data SPD Halaman Pertama',	27,	1,	'Admin Admin',	'admin@argon.com',	'2023-07-12 18:13:16',	'2023-07-12 18:13:16'),
(535,	'Modul Transaksi Master Telaahan Staf',	'Update Data Surat Tugas',	27,	1,	'Admin Admin',	'admin@argon.com',	'2023-07-12 18:15:07',	'2023-07-12 18:15:07'),
(536,	'Modul Transaksi Master Telaahan Staf',	'Update Data Surat Tugas',	25,	1,	'Admin Admin',	'admin@argon.com',	'2023-07-12 21:01:15',	'2023-07-12 21:01:15'),
(537,	'Modul Kontrol e-SPD',	'Update Data Status Rekom e-SPD',	27,	1,	'Admin Admin',	'admin@argon.com',	'2023-07-12 21:27:13',	'2023-07-12 21:27:13'),
(538,	'Modul Kontrol e-SPD',	'Update Data Rekom e-SPD',	27,	1,	'Admin Admin',	'admin@argon.com',	'2023-07-12 21:27:32',	'2023-07-12 21:27:32'),
(539,	'Modul Kontrol e-SPD',	'Update Data Status Rekom e-SPD',	27,	1,	'Admin Admin',	'admin@argon.com',	'2023-07-12 21:33:52',	'2023-07-12 21:33:52'),
(540,	'Modul Kontrol e-SPD',	'Update Data Status Rekom e-SPD',	27,	1,	'Admin Admin',	'admin@argon.com',	'2023-07-12 21:40:11',	'2023-07-12 21:40:11'),
(541,	'Modul Transaksi Master Telaahan Staf',	'Update Data SPD Halaman Pertama',	25,	1,	'Admin Admin',	'admin@argon.com',	'2023-07-14 03:40:33',	'2023-07-14 03:40:33'),
(542,	'Modul Transaksi Master Telaahan Staf',	'Update Data Surat Tugas',	25,	1,	'Admin Admin',	'admin@argon.com',	'2023-07-14 03:42:25',	'2023-07-14 03:42:25'),
(543,	'Modul Master Telaahan Staf',	'Update Data',	24,	1,	'Admin Admin',	'admin@argon.com',	'2023-07-14 03:49:10',	'2023-07-14 03:49:10'),
(544,	'Modul Master Telaahan Staf',	'Update Data',	24,	1,	'Admin Admin',	'admin@argon.com',	'2023-07-14 03:49:55',	'2023-07-14 03:49:55'),
(545,	'Modul Master Telaahan Staf',	'Update Data',	24,	1,	'Admin Admin',	'admin@argon.com',	'2023-07-14 04:11:42',	'2023-07-14 04:11:42'),
(546,	'Modul Transaksi Master Telaahan Staf',	'Update Data Surat Tugas',	25,	1,	'Admin Admin',	'admin@argon.com',	'2023-07-14 04:14:27',	'2023-07-14 04:14:27'),
(547,	'Modul Transaksi Master Telaahan Staf',	'Update Data Surat Tugas',	25,	1,	'Admin Admin',	'admin@argon.com',	'2023-07-14 06:12:53',	'2023-07-14 06:12:53'),
(548,	'Modul Transaksi Master Telaahan Staf',	'Update Data Surat Tugas',	25,	1,	'Admin Admin',	'admin@argon.com',	'2023-07-14 06:13:48',	'2023-07-14 06:13:48'),
(549,	'Modul Transaksi Master Telaahan Staf',	'Update Data Surat Tugas',	25,	1,	'Admin Admin',	'admin@argon.com',	'2023-07-14 06:16:31',	'2023-07-14 06:16:31'),
(550,	'Modul Transaksi Master Telaahan Staf',	'Update Data Surat Tugas',	25,	1,	'Admin Admin',	'admin@argon.com',	'2023-07-14 06:21:58',	'2023-07-14 06:21:58'),
(551,	'Modul Transaksi Master Telaahan Staf',	'Update Data Surat Tugas',	25,	1,	'Admin Admin',	'admin@argon.com',	'2023-07-14 06:22:31',	'2023-07-14 06:22:31'),
(552,	'Modul Transaksi Master Telaahan Staf',	'Update Data Surat Tugas',	25,	1,	'Admin Admin',	'admin@argon.com',	'2023-07-14 06:22:51',	'2023-07-14 06:22:51'),
(553,	'Modul Transaksi Master Telaahan Staf',	'Update Data Surat Tugas',	25,	1,	'Admin Admin',	'admin@argon.com',	'2023-07-14 06:24:57',	'2023-07-14 06:24:57'),
(554,	'Modul Transaksi Master Telaahan Staf',	'Update Data Surat Tugas',	25,	1,	'Admin Admin',	'admin@argon.com',	'2023-07-14 06:53:11',	'2023-07-14 06:53:11'),
(555,	'Modul Transaksi Master Telaahan Staf',	'Update Data Surat Tugas',	25,	1,	'Admin Admin',	'admin@argon.com',	'2023-07-14 06:56:27',	'2023-07-14 06:56:27'),
(556,	'Modul Transaksi Master Telaahan Staf',	'Update Data Surat Tugas',	25,	1,	'Admin Admin',	'admin@argon.com',	'2023-07-14 06:58:08',	'2023-07-14 06:58:08'),
(557,	'Modul Transaksi Master Telaahan Staf',	'Update Data Surat Tugas',	25,	1,	'Admin Admin',	'admin@argon.com',	'2023-07-14 06:59:08',	'2023-07-14 06:59:08'),
(558,	'Modul Transaksi Master Telaahan Staf',	'Update Data Surat Tugas',	25,	1,	'Admin Admin',	'admin@argon.com',	'2023-07-15 06:01:15',	'2023-07-15 06:01:15'),
(559,	'Modul Transaksi Master Telaahan Staf',	'Update Data Surat Tugas',	13,	1,	'Admin Admin',	'admin@argon.com',	'2023-07-15 10:16:44',	'2023-07-15 10:16:44'),
(560,	'Modul Pegawai',	'Hapus Data1',	190,	1,	'Admin Admin',	'admin@argon.com',	'2023-07-16 18:02:32',	'2023-07-16 18:02:32'),
(561,	'Modul Pegawai',	'Update Data',	101,	1,	'Admin Admin',	'admin@argon.com',	'2023-07-16 18:07:06',	'2023-07-16 18:07:06'),
(562,	'Modul Pegawai',	'Update Data',	87,	1,	'Admin Admin',	'admin@argon.com',	'2023-07-16 18:09:18',	'2023-07-16 18:09:18'),
(563,	'Modul Transaksi Master Telaahan Staf',	'Update Data Surat Tugas',	14,	1,	'Admin Admin',	'admin@argon.com',	'2023-07-16 18:22:56',	'2023-07-16 18:22:56'),
(564,	'Modul Pegawai',	'Update Data',	87,	1,	'Admin Admin',	'admin@argon.com',	'2023-07-16 21:19:13',	'2023-07-16 21:19:13'),
(565,	'Modul Ts_master',	'Create Data',	28,	29,	'H. HENDRI PANI DIAS, S.Ag, M.A',	'panidias@gmail.com',	'2023-07-16 21:28:47',	'2023-07-16 21:28:47'),
(566,	'Modul Pegawai',	'Update Data',	186,	1,	'Admin Admin',	'admin@argon.com',	'2023-07-16 23:02:21',	'2023-07-16 23:02:21'),
(567,	'Modul Master Telaahan Staf',	'Update Data',	28,	29,	'H. HENDRI PANI DIAS, S.Ag, M.A',	'panidias@gmail.com',	'2023-07-17 06:51:28',	'2023-07-17 06:51:28'),
(568,	'Modul Pegawai',	'Update Data',	129,	1,	'Admin Admin',	'admin@argon.com',	'2023-07-17 20:41:50',	'2023-07-17 20:41:50'),
(569,	'Modul Users',	'Create Data',	32,	1,	'Admin Admin',	'admin@argon.com',	'2023-07-17 20:43:20',	'2023-07-17 20:43:20'),
(570,	'Modul Master System',	'Update Data Setting System',	1,	1,	'Admin Admin',	'admin@argon.com',	'2023-07-20 03:09:52',	'2023-07-20 03:09:52'),
(571,	'Modul Master System',	'Update Data Setting System',	1,	1,	'Admin Admin',	'admin@argon.com',	'2023-07-20 03:10:38',	'2023-07-20 03:10:38'),
(572,	'Modul Master System',	'Update Data Setting System',	1,	1,	'Admin Admin',	'admin@argon.com',	'2023-07-20 03:25:33',	'2023-07-20 03:25:33'),
(573,	'Modul Master System',	'Update Data Setting System',	1,	1,	'Admin Admin',	'admin@argon.com',	'2023-07-20 03:36:36',	'2023-07-20 03:36:36'),
(574,	'Modul Ts_master',	'Create Data',	29,	31,	'Gopi Bermana, M.Kom',	'gopy.bermana@gmail.com',	'2023-07-21 00:50:12',	'2023-07-21 00:50:12'),
(575,	'Modul Master Ts rincian',	'Tambah Data',	81,	31,	'Gopi Bermana, M.Kom',	'gopy.bermana@gmail.com',	'2023-07-21 00:55:15',	'2023-07-21 00:55:15'),
(576,	'Modul Master Ts rincian',	'Tambah Data',	82,	31,	'Gopi Bermana, M.Kom',	'gopy.bermana@gmail.com',	'2023-07-21 00:55:15',	'2023-07-21 00:55:15'),
(577,	'Modul Transaksi Master Telaahan Staf',	'Update Data Kirim Ke Verifikator',	29,	31,	'Gopi Bermana, M.Kom',	'gopy.bermana@gmail.com',	'2023-07-21 00:55:20',	'2023-07-21 00:55:20'),
(578,	'Modul Verifikator',	'Update Data Status TS',	29,	26,	'Drs. H. MISWAN M.Pd',	'miswan@gmail.com',	'2023-07-21 01:13:53',	'2023-07-21 01:13:53'),
(579,	'Modul TS Master Rincian',	'Hapus Data',	81,	2,	'Dr. H. HELMI, M.Ag',	'helmi@gmail.com',	'2023-07-21 01:19:12',	'2023-07-21 01:19:12'),
(580,	'Modul Kontrol e-SPD',	'Update Data Status Telaah Staf Surat Tugas',	29,	2,	'Dr. H. HELMI, M.Ag',	'helmi@gmail.com',	'2023-07-21 01:19:49',	'2023-07-21 01:19:49'),
(581,	'Modul Transaksi Master Telaahan Staf',	'Update Data SPD Halaman Pertama',	29,	31,	'Gopi Bermana, M.Kom',	'gopy.bermana@gmail.com',	'2023-07-21 01:27:21',	'2023-07-21 01:27:21'),
(582,	'Modul Ts_master',	'Create Data',	30,	31,	'Gopi Bermana, M.Kom',	'gopy.bermana@gmail.com',	'2023-07-21 01:29:48',	'2023-07-21 01:29:48'),
(583,	'Modul Users',	'Create Data',	33,	31,	'Gopi Bermana, M.Kom',	'gopy.bermana@gmail.com',	'2023-07-21 01:35:15',	'2023-07-21 01:35:15'),
(584,	'Modul Pegawai',	'Update Data',	101,	31,	'Gopi Bermana, M.Kom',	'gopy.bermana@gmail.com',	'2023-07-21 01:37:50',	'2023-07-21 01:37:50'),
(585,	'Modul Pegawai',	'Update Data',	101,	31,	'Gopi Bermana, M.Kom',	'gopy.bermana@gmail.com',	'2023-07-21 01:39:21',	'2023-07-21 01:39:21'),
(586,	'Modul Pegawai',	'Update Data',	101,	31,	'Gopi Bermana, M.Kom',	'gopy.bermana@gmail.com',	'2023-07-21 01:39:46',	'2023-07-21 01:39:46'),
(587,	'Modul Pegawai',	'Update Data',	101,	1,	'Admin Admin',	'admin@argon.com',	'2023-07-21 01:49:37',	'2023-07-21 01:49:37'),
(588,	'Modul Pegawai',	'Update Data',	101,	1,	'Admin Admin',	'admin@argon.com',	'2023-07-21 02:28:08',	'2023-07-21 02:28:08'),
(589,	'Modul Master Ts rincian',	'Tambah Data',	83,	1,	'Admin Admin',	'admin@argon.com',	'2023-07-21 02:29:46',	'2023-07-21 02:29:46'),
(590,	'Modul Master Ts rincian',	'Tambah Data',	84,	1,	'Admin Admin',	'admin@argon.com',	'2023-07-21 02:54:37',	'2023-07-21 02:54:37'),
(591,	'Modul Master Ts rincian',	'Tambah Data',	85,	2,	'Dr. H. HELMI, M.Ag',	'helmi@gmail.com',	'2023-07-21 02:56:49',	'2023-07-21 02:56:49'),
(592,	'Modul Master Ts rincian',	'Tambah Data',	86,	2,	'Dr. H. HELMI, M.Ag',	'helmi@gmail.com',	'2023-07-21 02:58:07',	'2023-07-21 02:58:07'),
(593,	'Modul Ts_master',	'Create Data',	31,	33,	'Indra gunawan',	'198109232011011003@kemenag.go.id',	'2023-07-23 04:52:11',	'2023-07-23 04:52:11'),
(594,	'Modul Master Ts rincian',	'Tambah Data',	87,	33,	'Indra gunawan',	'198109232011011003@kemenag.go.id',	'2023-07-23 04:52:44',	'2023-07-23 04:52:44'),
(595,	'Modul Master Ts rincian',	'Tambah Data',	88,	33,	'Indra gunawan',	'198109232011011003@kemenag.go.id',	'2023-07-23 04:52:44',	'2023-07-23 04:52:44'),
(596,	'Modul Transaksi Master Telaahan Staf',	'Update Data Kirim Ke Verifikator',	31,	33,	'Indra gunawan',	'198109232011011003@kemenag.go.id',	'2023-07-23 04:52:59',	'2023-07-23 04:52:59'),
(597,	'Modul Verifikator',	'Update Data Status TS',	31,	26,	'Drs. H. MISWAN M.Pd',	'miswan@gmail.com',	'2023-07-23 04:56:05',	'2023-07-23 04:56:05'),
(598,	'Modul Pegawai',	'Update Data',	101,	31,	'Gopi Bermana, M.Kom',	'gopy.bermana@gmail.com',	'2023-07-23 04:57:25',	'2023-07-23 04:57:25'),
(599,	'Modul TS Master Rincian',	'Hapus Data',	87,	33,	'Indra gunawan',	'198109232011011003@kemenag.go.id',	'2023-07-23 04:58:54',	'2023-07-23 04:58:54'),
(600,	'Modul Master Ts rincian',	'Tambah Data',	89,	2,	'Dr. H. HELMI, M.Ag',	'helmi@gmail.com',	'2023-07-23 05:00:40',	'2023-07-23 05:00:40'),
(601,	'Modul Kontrol e-SPD',	'Update Data Status Telaah Staf Surat Tugas',	31,	2,	'Dr. H. HELMI, M.Ag',	'helmi@gmail.com',	'2023-07-23 05:00:55',	'2023-07-23 05:00:55'),
(602,	'Modul Transaksi Master Telaahan Staf',	'Update Data SPD Halaman Pertama',	31,	33,	'Indra gunawan',	'198109232011011003@kemenag.go.id',	'2023-07-23 05:04:26',	'2023-07-23 05:04:26'),
(603,	'Modul Ts_master',	'Create Data',	32,	33,	'Indra gunawan',	'198109232011011003@kemenag.go.id',	'2023-07-23 05:06:12',	'2023-07-23 05:06:12'),
(604,	'Modul Master Telaahan Staf',	'Update Data',	32,	33,	'Indra gunawan',	'198109232011011003@kemenag.go.id',	'2023-07-23 05:06:57',	'2023-07-23 05:06:57'),
(605,	'Modul Master Telaahan Staf',	'Update Data',	32,	33,	'Indra gunawan',	'198109232011011003@kemenag.go.id',	'2023-07-23 05:08:13',	'2023-07-23 05:08:13'),
(606,	'Modul Ts_master',	'Create Data',	33,	30,	'Wira Mrdiyah',	'rakha.dj@gmail.com',	'2023-07-23 05:10:35',	'2023-07-23 05:10:35'),
(607,	'Modul Master Telaahan Staf',	'Update Data',	33,	30,	'Wira Mrdiyah',	'rakha.dj@gmail.com',	'2023-07-23 05:11:11',	'2023-07-23 05:11:11'),
(608,	'Modul Pegawai',	'Update Data',	63,	31,	'Gopi Bermana, M.Kom',	'gopy.bermana@gmail.com',	'2023-07-23 05:13:08',	'2023-07-23 05:13:08'),
(609,	'Modul Pegawai',	'Update Data',	63,	31,	'Gopi Bermana, M.Kom',	'gopy.bermana@gmail.com',	'2023-07-23 05:13:24',	'2023-07-23 05:13:24'),
(610,	'Modul Master Ts rincian',	'Tambah Data',	90,	30,	'Wira Mrdiyah',	'rakha.dj@gmail.com',	'2023-07-23 05:16:27',	'2023-07-23 05:16:27'),
(611,	'Modul Master Ts rincian',	'Tambah Data',	91,	30,	'Wira Mrdiyah',	'rakha.dj@gmail.com',	'2023-07-23 05:16:27',	'2023-07-23 05:16:27'),
(612,	'Modul Transaksi Master Telaahan Staf',	'Update Data Kirim Ke Verifikator',	33,	30,	'Wira Mrdiyah',	'rakha.dj@gmail.com',	'2023-07-23 05:16:49',	'2023-07-23 05:16:49'),
(613,	'Modul Verifikator',	'Update Data Status TS',	33,	26,	'Drs. H. MISWAN M.Pd',	'miswan@gmail.com',	'2023-07-23 05:17:53',	'2023-07-23 05:17:53'),
(614,	'Modul Transaksi Master Telaahan Staf',	'Update Data Kirim Ke Verifikator',	33,	30,	'Wira Mrdiyah',	'rakha.dj@gmail.com',	'2023-07-23 05:18:34',	'2023-07-23 05:18:34'),
(615,	'Modul Verifikator',	'Update Data Status TS',	33,	26,	'Drs. H. MISWAN M.Pd',	'miswan@gmail.com',	'2023-07-23 05:21:28',	'2023-07-23 05:21:28'),
(616,	'Modul Ts_master',	'Create Data',	34,	30,	'Wira Mrdiyah',	'rakha.dj@gmail.com',	'2023-07-23 05:22:56',	'2023-07-23 05:22:56'),
(617,	'Modul Master Ts rincian',	'Tambah Data',	92,	30,	'Wira Mrdiyah',	'rakha.dj@gmail.com',	'2023-07-23 05:23:26',	'2023-07-23 05:23:26'),
(618,	'Modul Transaksi Master Telaahan Staf',	'Update Data Kirim Ke Verifikator',	34,	30,	'Wira Mrdiyah',	'rakha.dj@gmail.com',	'2023-07-23 05:23:31',	'2023-07-23 05:23:31'),
(619,	'Modul Verifikator',	'Update Data Status TS',	34,	26,	'Drs. H. MISWAN M.Pd',	'miswan@gmail.com',	'2023-07-23 05:24:02',	'2023-07-23 05:24:02'),
(620,	'Modul Ts_master',	'Create Data',	35,	30,	'Wira Mrdiyah',	'rakha.dj@gmail.com',	'2023-07-23 05:26:35',	'2023-07-23 05:26:35'),
(621,	'Modul Master Ts rincian',	'Tambah Data',	93,	30,	'Wira Mrdiyah',	'rakha.dj@gmail.com',	'2023-07-23 05:26:53',	'2023-07-23 05:26:53'),
(622,	'Modul Transaksi Master Telaahan Staf',	'Update Data Kirim Ke Verifikator',	35,	30,	'Wira Mrdiyah',	'rakha.dj@gmail.com',	'2023-07-23 05:27:29',	'2023-07-23 05:27:29'),
(623,	'Modul Verifikator',	'Update Data Status TS',	35,	26,	'Drs. H. MISWAN M.Pd',	'miswan@gmail.com',	'2023-07-23 05:28:07',	'2023-07-23 05:28:07'),
(624,	'Modul Master Ts rincian',	'Tambah Data',	94,	30,	'Wira Mrdiyah',	'rakha.dj@gmail.com',	'2023-07-23 05:28:54',	'2023-07-23 05:28:54'),
(625,	'Modul Transaksi Master Telaahan Staf',	'Update Data Kirim Ke Verifikator',	35,	30,	'Wira Mrdiyah',	'rakha.dj@gmail.com',	'2023-07-23 05:28:57',	'2023-07-23 05:28:57'),
(626,	'Modul Verifikator',	'Update Data Status TS',	35,	26,	'Drs. H. MISWAN M.Pd',	'miswan@gmail.com',	'2023-07-23 05:30:46',	'2023-07-23 05:30:46'),
(627,	'Modul Kontrol e-SPD',	'Update Data Status Telaah Staf Surat Tugas',	35,	2,	'Dr. H. HELMI, M.Ag',	'helmi@gmail.com',	'2023-07-23 05:31:19',	'2023-07-23 05:31:19'),
(628,	'Modul Transaksi Master Telaahan Staf',	'Update Data Kirim Ke Verifikator',	35,	30,	'Wira Mrdiyah',	'rakha.dj@gmail.com',	'2023-07-23 05:31:35',	'2023-07-23 05:31:35'),
(629,	'Modul TS Master Rincian',	'Hapus Data',	93,	2,	'Dr. H. HELMI, M.Ag',	'helmi@gmail.com',	'2023-07-23 05:32:48',	'2023-07-23 05:32:48'),
(630,	'Modul Master Ts rincian',	'Tambah Data',	95,	2,	'Dr. H. HELMI, M.Ag',	'helmi@gmail.com',	'2023-07-23 05:32:58',	'2023-07-23 05:32:58'),
(631,	'Modul Kontrol e-SPD',	'Update Data Status Telaah Staf Surat Tugas',	35,	2,	'Dr. H. HELMI, M.Ag',	'helmi@gmail.com',	'2023-07-23 05:33:03',	'2023-07-23 05:33:03'),
(632,	'Modul Transaksi Master Telaahan Staf',	'Update Data Kirim Ke Verifikator',	34,	1,	'Admin Admin',	'admin@argon.com',	'2023-07-23 07:34:25',	'2023-07-23 07:34:25'),
(633,	'Modul Verifikator',	'Update Data Status TS',	34,	26,	'Drs. H. MISWAN M.Pd',	'miswan@gmail.com',	'2023-07-23 07:38:18',	'2023-07-23 07:38:18'),
(634,	'Modul Verifikator',	'Update Data Status TS',	33,	26,	'Drs. H. MISWAN M.Pd',	'miswan@gmail.com',	'2023-07-23 08:36:26',	'2023-07-23 08:36:26'),
(635,	'Modul Master Ts rincian',	'Tambah Data',	96,	1,	'Admin Admin',	'admin@argon.com',	'2023-07-23 08:43:57',	'2023-07-23 08:43:57'),
(636,	'Modul Transaksi Master Telaahan Staf',	'Update Data Kirim Ke Verifikator',	33,	1,	'Admin Admin',	'admin@argon.com',	'2023-07-23 08:44:01',	'2023-07-23 08:44:01'),
(637,	'Modul Verifikator',	'Update Data Status TS',	33,	26,	'Drs. H. MISWAN M.Pd',	'miswan@gmail.com',	'2023-07-23 08:45:51',	'2023-07-23 08:45:51'),
(638,	'Modul Verifikator',	'Update Data Status TS',	33,	26,	'Drs. H. MISWAN M.Pd',	'miswan@gmail.com',	'2023-07-23 08:46:53',	'2023-07-23 08:46:53'),
(639,	'Modul Transaksi Master Telaahan Staf',	'Update Data Kirim Ke Verifikator',	33,	1,	'Admin Admin',	'admin@argon.com',	'2023-07-23 08:55:42',	'2023-07-23 08:55:42'),
(640,	'Modul Verifikator',	'Update Data Status TS',	33,	26,	'Drs. H. MISWAN M.Pd',	'miswan@gmail.com',	'2023-07-23 08:56:44',	'2023-07-23 08:56:44'),
(641,	'Modul Transaksi Master Telaahan Staf',	'Update Data Kirim Ke Verifikator',	33,	1,	'Admin Admin',	'admin@argon.com',	'2023-07-23 08:57:11',	'2023-07-23 08:57:11'),
(642,	'Modul Verifikator',	'Update Data Status TS',	33,	26,	'Drs. H. MISWAN M.Pd',	'miswan@gmail.com',	'2023-07-23 08:57:32',	'2023-07-23 08:57:32'),
(643,	'Modul Verifikator',	'Update Data Status TS',	33,	26,	'Drs. H. MISWAN M.Pd',	'miswan@gmail.com',	'2023-07-23 08:58:49',	'2023-07-23 08:58:49'),
(644,	'Modul TS Master Rincian',	'Hapus Data',	96,	2,	'Dr. H. HELMI, M.Ag',	'helmi@gmail.com',	'2023-07-23 09:05:05',	'2023-07-23 09:05:05'),
(645,	'Modul Master Ts rincian',	'Tambah Data',	97,	2,	'Dr. H. HELMI, M.Ag',	'helmi@gmail.com',	'2023-07-23 09:05:13',	'2023-07-23 09:05:13'),
(646,	'Modul Kontrol e-SPD',	'Update Data Status Telaah Staf Surat Tugas',	33,	2,	'Dr. H. HELMI, M.Ag',	'helmi@gmail.com',	'2023-07-23 09:06:04',	'2023-07-23 09:06:04'),
(647,	'Modul Kontrol e-SPD',	'Update Data Status Telaah Staf Surat Tugas',	33,	2,	'Dr. H. HELMI, M.Ag',	'helmi@gmail.com',	'2023-07-23 09:07:22',	'2023-07-23 09:07:22'),
(648,	'Modul Transaksi Master Telaahan Staf',	'Update Data Kirim Ke Verifikator',	33,	1,	'Admin Admin',	'admin@argon.com',	'2023-07-23 09:10:41',	'2023-07-23 09:10:41'),
(649,	'Modul Kontrol e-SPD',	'Update Data Status Telaah Staf Surat Tugas',	33,	2,	'Dr. H. HELMI, M.Ag',	'helmi@gmail.com',	'2023-07-23 09:17:28',	'2023-07-23 09:17:28'),
(650,	'Modul Transaksi Master Telaahan Staf',	'Update Data Kirim Ke Verifikator',	33,	1,	'Admin Admin',	'admin@argon.com',	'2023-07-23 09:18:52',	'2023-07-23 09:18:52'),
(651,	'Modul Kontrol e-SPD',	'Update Data Status Telaah Staf Surat Tugas',	33,	2,	'Dr. H. HELMI, M.Ag',	'helmi@gmail.com',	'2023-07-23 09:19:28',	'2023-07-23 09:19:28'),
(652,	'Modul Transaksi Master Telaahan Staf',	'Update Data Kirim Ke Verifikator',	33,	1,	'Admin Admin',	'admin@argon.com',	'2023-07-23 09:20:38',	'2023-07-23 09:20:38'),
(653,	'Modul Verifikator',	'Update Data Status TS',	33,	26,	'Drs. H. MISWAN M.Pd',	'miswan@gmail.com',	'2023-07-23 09:21:11',	'2023-07-23 09:21:11'),
(654,	'Modul Kontrol e-SPD',	'Update Data Status Telaah Staf Surat Tugas',	33,	2,	'Dr. H. HELMI, M.Ag',	'helmi@gmail.com',	'2023-07-23 09:23:00',	'2023-07-23 09:23:00'),
(655,	'Modul Kontrol e-SPD',	'Update Data Status Telaah Staf Surat Tugas',	33,	2,	'Dr. H. HELMI, M.Ag',	'helmi@gmail.com',	'2023-07-23 09:24:57',	'2023-07-23 09:24:57'),
(656,	'Modul Transaksi Master Telaahan Staf',	'Update Data SPD Halaman Pertama',	13,	29,	'H. HENDRI PANI DIAS, S.Ag, M.A',	'panidias@gmail.com',	'2023-07-23 18:19:07',	'2023-07-23 18:19:07'),
(657,	'Modul TS Master',	'Hapus Data',	22,	29,	'H. HENDRI PANI DIAS, S.Ag, M.A',	'panidias@gmail.com',	'2023-07-23 18:25:15',	'2023-07-23 18:25:15'),
(658,	'Modul TS Master',	'Hapus Data',	23,	29,	'H. HENDRI PANI DIAS, S.Ag, M.A',	'panidias@gmail.com',	'2023-07-23 18:25:21',	'2023-07-23 18:25:21'),
(659,	'Modul Ts_master',	'Create Data',	36,	29,	'H. HENDRI PANI DIAS, S.Ag, M.A',	'panidias@gmail.com',	'2023-07-23 18:46:47',	'2023-07-23 18:46:47'),
(660,	'Modul Master Ts rincian',	'Tambah Data',	98,	29,	'H. HENDRI PANI DIAS, S.Ag, M.A',	'panidias@gmail.com',	'2023-07-23 18:47:54',	'2023-07-23 18:47:54'),
(661,	'Modul Master Ts rincian',	'Tambah Data',	99,	29,	'H. HENDRI PANI DIAS, S.Ag, M.A',	'panidias@gmail.com',	'2023-07-23 18:47:54',	'2023-07-23 18:47:54'),
(662,	'Modul Master Ts rincian',	'Tambah Data',	100,	29,	'H. HENDRI PANI DIAS, S.Ag, M.A',	'panidias@gmail.com',	'2023-07-23 18:47:54',	'2023-07-23 18:47:54'),
(663,	'Modul Transaksi Master Telaahan Staf',	'Update Data Kirim Ke Verifikator',	36,	29,	'H. HENDRI PANI DIAS, S.Ag, M.A',	'panidias@gmail.com',	'2023-07-23 18:52:16',	'2023-07-23 18:52:16'),
(664,	'Modul Verifikator',	'Update Data Status TS',	36,	26,	'Drs. H. MISWAN M.Pd',	'miswan@gmail.com',	'2023-07-23 18:52:50',	'2023-07-23 18:52:50'),
(665,	'Modul Kontrol e-SPD',	'Update Data Status Telaah Staf Surat Tugas',	36,	2,	'Dr. H. HELMI, M.Ag',	'helmi@gmail.com',	'2023-07-23 18:54:41',	'2023-07-23 18:54:41'),
(666,	'Modul TS Master Rincian',	'Hapus Data',	100,	29,	'H. HENDRI PANI DIAS, S.Ag, M.A',	'panidias@gmail.com',	'2023-07-23 19:53:57',	'2023-07-23 19:53:57'),
(667,	'Modul Master Ts rincian',	'Tambah Data',	101,	29,	'H. HENDRI PANI DIAS, S.Ag, M.A',	'panidias@gmail.com',	'2023-07-23 20:32:23',	'2023-07-23 20:32:23'),
(668,	'Modul Master Ts rincian',	'Tambah Data',	102,	29,	'H. HENDRI PANI DIAS, S.Ag, M.A',	'panidias@gmail.com',	'2023-07-23 20:32:23',	'2023-07-23 20:32:23'),
(669,	'Modul Master Ts rincian',	'Tambah Data',	103,	29,	'H. HENDRI PANI DIAS, S.Ag, M.A',	'panidias@gmail.com',	'2023-07-23 20:32:23',	'2023-07-23 20:32:23'),
(670,	'Modul Master Ts rincian',	'Tambah Data',	104,	29,	'H. HENDRI PANI DIAS, S.Ag, M.A',	'panidias@gmail.com',	'2023-07-23 20:32:23',	'2023-07-23 20:32:23'),
(671,	'Modul Master Ts rincian',	'Tambah Data',	105,	29,	'H. HENDRI PANI DIAS, S.Ag, M.A',	'panidias@gmail.com',	'2023-07-23 20:32:23',	'2023-07-23 20:32:23'),
(672,	'Modul Transaksi Master Telaahan Staf',	'Update Data Kirim Ke Verifikator',	36,	29,	'H. HENDRI PANI DIAS, S.Ag, M.A',	'panidias@gmail.com',	'2023-07-23 20:33:48',	'2023-07-23 20:33:48'),
(673,	'Modul Verifikator',	'Update Data Status TS',	36,	26,	'Drs. H. MISWAN M.Pd',	'miswan@gmail.com',	'2023-07-23 22:11:09',	'2023-07-23 22:11:09'),
(674,	'Modul Kontrol e-SPD',	'Update Data Status Telaah Staf Surat Tugas',	36,	2,	'Dr. H. HELMI, M.Ag',	'helmi@gmail.com',	'2023-07-23 22:11:48',	'2023-07-23 22:11:48'),
(675,	'Modul Master System',	'Update Data Setting System',	1,	1,	'Admin Admin',	'admin@argon.com',	'2023-07-25 22:09:57',	'2023-07-25 22:09:57'),
(676,	'Modul Master System',	'Update Data Setting System',	1,	1,	'Admin Admin',	'admin@argon.com',	'2023-07-31 00:29:12',	'2023-07-31 00:29:12'),
(677,	'Modul Master System',	'Update Data Setting System',	1,	1,	'Admin Admin',	'admin@argon.com',	'2023-07-31 00:33:55',	'2023-07-31 00:33:55'),
(678,	'Modul Master System',	'Update Data Setting System',	1,	1,	'Admin Admin',	'admin@argon.com',	'2023-07-31 00:35:21',	'2023-07-31 00:35:21'),
(679,	'Modul Master System',	'Update Data Setting System',	1,	1,	'Admin Admin',	'admin@argon.com',	'2023-07-31 00:38:40',	'2023-07-31 00:38:40'),
(680,	'Modul Master System',	'Update Data Setting System',	1,	1,	'Admin Admin',	'admin@argon.com',	'2023-07-31 00:42:33',	'2023-07-31 00:42:33'),
(681,	'Modul Master System',	'Update Data Setting System',	1,	1,	'Admin Admin',	'admin@argon.com',	'2023-07-31 00:43:41',	'2023-07-31 00:43:41'),
(682,	'Modul Master Telaahan Staf',	'Update Data',	32,	1,	'Admin Admin',	'admin@argon.com',	'2023-08-01 01:03:08',	'2023-08-01 01:03:08'),
(683,	'Modul Master Telaahan Staf',	'Update Data',	32,	1,	'Admin Admin',	'admin@argon.com',	'2023-08-01 01:04:43',	'2023-08-01 01:04:43'),
(684,	'Modul Master Telaahan Staf',	'Update Data',	32,	1,	'Admin Admin',	'admin@argon.com',	'2023-08-01 08:33:50',	'2023-08-01 08:33:50'),
(685,	'Modul Master Ts rincian',	'Tambah Data',	106,	1,	'Admin Admin',	'admin@argon.com',	'2023-08-01 08:34:24',	'2023-08-01 08:34:24'),
(686,	'Modul Master Ts rincian',	'Tambah Data',	107,	1,	'Admin Admin',	'admin@argon.com',	'2023-08-01 08:34:24',	'2023-08-01 08:34:24'),
(687,	'Modul Master Ts rincian',	'Tambah Data',	108,	1,	'Admin Admin',	'admin@argon.com',	'2023-08-01 19:40:35',	'2023-08-01 19:40:35'),
(688,	'Modul TS Master Rincian',	'Hapus Data',	108,	1,	'Admin Admin',	'admin@argon.com',	'2023-08-01 19:40:40',	'2023-08-01 19:40:40'),
(689,	'Modul Master Ts rincian',	'Tambah Data',	109,	1,	'Admin Admin',	'admin@argon.com',	'2023-08-01 22:12:15',	'2023-08-01 22:12:15'),
(690,	'Modul TS Master Rincian',	'Hapus Data',	109,	1,	'Admin Admin',	'admin@argon.com',	'2023-08-01 22:12:21',	'2023-08-01 22:12:21'),
(691,	'Modul Transaksi Master Telaahan Staf',	'Update Data SPD Halaman Pertama',	31,	1,	'Admin Admin',	'admin@argon.com',	'2023-08-24 17:53:10',	'2023-08-24 17:53:10'),
(692,	'Modul Kontrol e-SPD',	'Update Data Status Telaah Staf Surat Tugas',	20,	1,	'Admin Admin',	'admin@argon.com',	'2023-08-24 23:43:06',	'2023-08-24 23:43:06'),
(693,	'Modul Transaksi Buat SPD',	'Buat Data SPD Halaman Pertama',	37,	1,	'Admin Admin',	'admin@argon.com',	'2023-08-27 08:17:21',	'2023-08-27 08:17:21'),
(694,	'Modul Transaksi Buat SPD',	'Buat Data SPD Halaman Pertama',	38,	1,	'Admin Admin',	'admin@argon.com',	'2023-08-27 20:17:29',	'2023-08-27 20:17:29'),
(695,	'Modul Transaksi Buat SPD',	'Buat Data SPD Halaman Pertama',	39,	1,	'Admin Admin',	'admin@argon.com',	'2023-08-28 00:18:57',	'2023-08-28 00:18:57'),
(696,	'Modul Transaksi Buat SPD',	'Buat Data SPD Halaman Pertama',	40,	1,	'Admin Admin',	'admin@argon.com',	'2023-08-28 00:20:14',	'2023-08-28 00:20:14'),
(697,	'Modul Transaksi Buat SPD',	'Buat Data SPD Halaman Pertama',	41,	1,	'Admin Admin',	'admin@argon.com',	'2023-08-28 00:20:19',	'2023-08-28 00:20:19'),
(698,	'Modul Transaksi Buat SPD',	'Buat Data SPD Halaman Pertama',	42,	1,	'Admin Admin',	'admin@argon.com',	'2023-08-28 00:20:45',	'2023-08-28 00:20:45'),
(699,	'Modul Transaksi Buat SPD',	'Buat Data SPD Halaman Pertama',	43,	1,	'Admin Admin',	'admin@argon.com',	'2023-08-28 00:21:36',	'2023-08-28 00:21:36'),
(700,	'Modul Transaksi Buat SPD',	'Buat Data SPD Halaman Pertama',	44,	1,	'Admin Admin',	'admin@argon.com',	'2023-08-28 00:22:33',	'2023-08-28 00:22:33'),
(701,	'Modul Transaksi Buat SPD',	'Buat Data SPD Halaman Pertama',	45,	1,	'Admin Admin',	'admin@argon.com',	'2023-08-28 00:23:25',	'2023-08-28 00:23:25'),
(702,	'Modul Transaksi Buat SPD',	'Buat Data SPD Halaman Pertama',	46,	1,	'Admin Admin',	'admin@argon.com',	'2023-08-28 00:24:36',	'2023-08-28 00:24:36'),
(703,	'Modul Transaksi Buat SPD',	'Buat Data SPD Halaman Pertama',	47,	1,	'Admin Admin',	'admin@argon.com',	'2023-08-28 00:26:17',	'2023-08-28 00:26:17'),
(704,	'Modul Transaksi Buat SPD',	'Buat Data SPD Halaman Pertama',	48,	1,	'Admin Admin',	'admin@argon.com',	'2023-08-28 00:29:33',	'2023-08-28 00:29:33'),
(705,	'Modul Transaksi Buat SPD',	'Buat Data SPD Halaman Pertama',	49,	1,	'Admin Admin',	'admin@argon.com',	'2023-08-28 00:33:14',	'2023-08-28 00:33:14'),
(706,	'Modul Master Ts rincian',	'Tambah Data',	110,	1,	'Admin Admin',	'admin@argon.com',	'2023-08-28 00:41:13',	'2023-08-28 00:41:13'),
(707,	'Modul Transaksi Buat SPD',	'Buat Data SPD Halaman Pertama',	50,	1,	'Admin Admin',	'admin@argon.com',	'2023-08-28 00:48:24',	'2023-08-28 00:48:24'),
(708,	'Modul Transaksi Buat SPD',	'Buat Data SPD Halaman Pertama',	51,	1,	'Admin Admin',	'admin@argon.com',	'2023-08-28 00:49:17',	'2023-08-28 00:49:17'),
(709,	'Modul Transaksi Buat SPD',	'Buat Data SPD Halaman Pertama',	52,	1,	'Admin Admin',	'admin@argon.com',	'2023-08-28 00:50:12',	'2023-08-28 00:50:12'),
(710,	'Modul Transaksi Buat SPD',	'Buat Data SPD Halaman Pertama',	53,	1,	'Admin Admin',	'admin@argon.com',	'2023-08-28 00:50:36',	'2023-08-28 00:50:36'),
(711,	'Modul Transaksi Buat SPD',	'Buat Data SPD Halaman Pertama',	54,	1,	'Admin Admin',	'admin@argon.com',	'2023-08-28 01:20:57',	'2023-08-28 01:20:57'),
(712,	'Modul Transaksi Buat SPD',	'Buat Data SPD Halaman Pertama',	55,	1,	'Admin Admin',	'admin@argon.com',	'2023-08-28 01:21:42',	'2023-08-28 01:21:42'),
(713,	'Modul Transaksi Buat SPD',	'Buat Data SPD Halaman Pertama',	56,	1,	'Admin Admin',	'admin@argon.com',	'2023-08-29 18:15:18',	'2023-08-29 18:15:18'),
(714,	'Modul Transaksi Buat SPD',	'Buat Data SPD Halaman Pertama',	57,	1,	'Admin Admin',	'admin@argon.com',	'2023-08-29 18:27:25',	'2023-08-29 18:27:25'),
(715,	'Modul Transaksi Buat SPD',	'Buat Data SPD Halaman Pertama',	58,	1,	'Admin Admin',	'admin@argon.com',	'2023-09-02 09:48:55',	'2023-09-02 09:48:55'),
(716,	'Modul Transaksi Buat SPD',	'Buat Data SPD Halaman Pertama',	59,	1,	'Admin Admin',	'admin@argon.com',	'2023-09-02 09:51:39',	'2023-09-02 09:51:39'),
(717,	'Modul Transaksi Buat SPD',	'Buat Data SPD Halaman Pertama',	60,	1,	'Admin Admin',	'admin@argon.com',	'2023-09-02 09:52:05',	'2023-09-02 09:52:05'),
(718,	'Modul Transaksi Buat SPD',	'Buat Data SPD Halaman Pertama',	61,	1,	'Admin Admin',	'admin@argon.com',	'2023-09-02 09:55:13',	'2023-09-02 09:55:13'),
(719,	'Modul Transaksi Buat SPD',	'Buat Data SPD Halaman Pertama',	62,	1,	'Admin Admin',	'admin@argon.com',	'2023-09-02 09:57:37',	'2023-09-02 09:57:37'),
(720,	'Modul Transaksi Buat SPD',	'Buat Data SPD Halaman Pertama',	63,	1,	'Admin Admin',	'admin@argon.com',	'2023-09-02 09:58:14',	'2023-09-02 09:58:14'),
(721,	'Modul Transaksi Buat SPD',	'Buat Data SPD Halaman Pertama',	64,	1,	'Admin Admin',	'admin@argon.com',	'2023-09-02 09:58:30',	'2023-09-02 09:58:30'),
(722,	'Modul Transaksi Buat SPD',	'Buat Data SPD Halaman Pertama',	65,	1,	'Admin Admin',	'admin@argon.com',	'2023-09-02 10:00:31',	'2023-09-02 10:00:31'),
(723,	'Modul Transaksi Buat SPD',	'Buat Data SPD Halaman Pertama',	66,	1,	'Admin Admin',	'admin@argon.com',	'2023-09-02 10:05:37',	'2023-09-02 10:05:37'),
(724,	'Modul Transaksi Buat SPD',	'Buat Data SPD Halaman Pertama',	67,	1,	'Admin Admin',	'admin@argon.com',	'2023-09-02 10:06:52',	'2023-09-02 10:06:52'),
(725,	'Modul Transaksi Buat SPD',	'Buat Data SPD Halaman Pertama',	68,	1,	'Admin Admin',	'admin@argon.com',	'2023-09-02 10:07:11',	'2023-09-02 10:07:11'),
(726,	'Modul Transaksi Buat SPD',	'Buat Data SPD Halaman Pertama',	69,	1,	'Admin Admin',	'admin@argon.com',	'2023-09-02 10:08:01',	'2023-09-02 10:08:01'),
(727,	'Modul Transaksi Buat SPD',	'Buat Data SPD Halaman Pertama',	70,	1,	'Admin Admin',	'admin@argon.com',	'2023-09-02 10:15:30',	'2023-09-02 10:15:30'),
(728,	'Modul Transaksi Buat SPD',	'Buat Data SPD Halaman Pertama',	71,	1,	'Admin Admin',	'admin@argon.com',	'2023-09-02 10:18:50',	'2023-09-02 10:18:50'),
(729,	'Modul Transaksi Buat SPD',	'Buat Data SPD Halaman Pertama',	72,	1,	'Admin Admin',	'admin@argon.com',	'2023-09-02 10:20:58',	'2023-09-02 10:20:58'),
(730,	'Modul Transaksi Buat SPD',	'Buat Data SPD Halaman Pertama',	73,	1,	'Admin Admin',	'admin@argon.com',	'2023-09-02 10:24:36',	'2023-09-02 10:24:36'),
(731,	'Modul Transaksi Buat SPD',	'Buat Data SPD Halaman Pertama',	74,	1,	'Admin Admin',	'admin@argon.com',	'2023-09-02 10:25:41',	'2023-09-02 10:25:41'),
(732,	'Modul Transaksi Buat SPD',	'Buat Data SPD Halaman Pertama',	75,	1,	'Admin Admin',	'admin@argon.com',	'2023-09-02 10:32:15',	'2023-09-02 10:32:15'),
(733,	'Modul Transaksi Buat SPD',	'Buat Data SPD Halaman Pertama',	76,	1,	'Admin Admin',	'admin@argon.com',	'2023-09-02 21:19:03',	'2023-09-02 21:19:03'),
(734,	'Modul Transaksi Buat SPD',	'Buat Data SPD Halaman Pertama',	77,	1,	'Admin Admin',	'admin@argon.com',	'2023-09-02 21:20:29',	'2023-09-02 21:20:29'),
(735,	'Modul Master Ts rincian',	'Tambah Data',	111,	1,	'Admin Admin',	'admin@argon.com',	'2023-09-02 21:22:11',	'2023-09-02 21:22:11'),
(736,	'Modul Transaksi Buat SPD',	'Buat Data SPD Halaman Pertama',	78,	1,	'Admin Admin',	'admin@argon.com',	'2023-09-02 21:23:17',	'2023-09-02 21:23:17'),
(737,	'Modul Master Ts rincian',	'Tambah Data',	112,	1,	'Admin Admin',	'admin@argon.com',	'2023-09-02 21:24:33',	'2023-09-02 21:24:33'),
(738,	'Modul Transaksi Buat SPD',	'Buat Data SPD Halaman Pertama',	79,	1,	'Admin Admin',	'admin@argon.com',	'2023-09-02 21:38:20',	'2023-09-02 21:38:20'),
(739,	'Modul Transaksi Buat SPD',	'Buat Data SPD Halaman Pertama',	80,	1,	'Admin Admin',	'admin@argon.com',	'2023-09-02 21:55:41',	'2023-09-02 21:55:41'),
(740,	'Modul Transaksi Buat SPD',	'Buat Data SPD Halaman Pertama',	81,	1,	'Admin Admin',	'admin@argon.com',	'2023-09-02 21:56:23',	'2023-09-02 21:56:23'),
(741,	'Modul Transaksi Buat SPD',	'Buat Data SPD Halaman Pertama',	82,	1,	'Admin Admin',	'admin@argon.com',	'2023-09-02 22:03:11',	'2023-09-02 22:03:11'),
(742,	'Modul Transaksi Buat SPD',	'Buat Data SPD Halaman Pertama',	83,	1,	'Admin Admin',	'admin@argon.com',	'2023-09-02 22:07:43',	'2023-09-02 22:07:43'),
(743,	'Modul Transaksi Buat SPD',	'Buat Data SPD Halaman Pertama',	84,	1,	'Admin Admin',	'admin@argon.com',	'2023-09-02 22:08:53',	'2023-09-02 22:08:53'),
(744,	'Modul Transaksi Buat SPD',	'Buat Data SPD Halaman Pertama',	85,	1,	'Admin Admin',	'admin@argon.com',	'2023-09-02 22:11:56',	'2023-09-02 22:11:56'),
(745,	'Modul Transaksi Buat SPD',	'Buat Data SPD Halaman Pertama',	86,	1,	'Admin Admin',	'admin@argon.com',	'2023-09-02 22:12:41',	'2023-09-02 22:12:41'),
(746,	'Modul Transaksi Buat SPD',	'Buat Data SPD Halaman Pertama',	87,	1,	'Admin Admin',	'admin@argon.com',	'2023-09-02 22:12:49',	'2023-09-02 22:12:49'),
(747,	'Modul Transaksi Buat SPD',	'Buat Data SPD Halaman Pertama',	88,	1,	'Admin Admin',	'admin@argon.com',	'2023-09-02 22:13:08',	'2023-09-02 22:13:08'),
(748,	'Modul Transaksi Buat SPD',	'Buat Data SPD Halaman Pertama',	89,	1,	'Admin Admin',	'admin@argon.com',	'2023-09-02 22:13:34',	'2023-09-02 22:13:34'),
(749,	'Modul Transaksi Buat SPD',	'Buat Data SPD Halaman Pertama',	90,	1,	'Admin Admin',	'admin@argon.com',	'2023-09-02 22:15:19',	'2023-09-02 22:15:19'),
(750,	'Modul Transaksi Buat SPD',	'Buat Data SPD Halaman Pertama',	91,	1,	'Admin Admin',	'admin@argon.com',	'2023-09-02 22:15:49',	'2023-09-02 22:15:49'),
(751,	'Modul Transaksi Buat SPD',	'Buat Data SPD Halaman Pertama',	92,	1,	'Admin Admin',	'admin@argon.com',	'2023-09-02 22:18:06',	'2023-09-02 22:18:06'),
(752,	'Modul Transaksi Buat SPD',	'Buat Data SPD Halaman Pertama',	93,	1,	'Admin Admin',	'admin@argon.com',	'2023-09-02 22:19:32',	'2023-09-02 22:19:32'),
(753,	'Modul Transaksi Buat SPD',	'Buat Data SPD Halaman Pertama',	94,	1,	'Admin Admin',	'admin@argon.com',	'2023-09-02 22:22:29',	'2023-09-02 22:22:29'),
(754,	'Modul Transaksi Buat SPD',	'Buat Data SPD Halaman Pertama',	95,	1,	'Admin Admin',	'admin@argon.com',	'2023-09-02 22:23:00',	'2023-09-02 22:23:00'),
(755,	'Modul Master Ts rincian',	'Tambah Data',	113,	1,	'Admin Admin',	'admin@argon.com',	'2023-09-02 22:27:15',	'2023-09-02 22:27:15'),
(756,	'Modul Transaksi Buat SPD',	'Buat Data SPD Halaman Pertama',	96,	1,	'Admin Admin',	'admin@argon.com',	'2023-09-02 22:27:34',	'2023-09-02 22:27:34'),
(757,	'Modul Master Ts rincian',	'Tambah Data',	114,	1,	'Admin Admin',	'admin@argon.com',	'2023-09-02 22:27:51',	'2023-09-02 22:27:51'),
(758,	'Modul Transaksi Buat SPD',	'Buat Data SPD Halaman Pertama',	97,	1,	'Admin Admin',	'admin@argon.com',	'2023-09-02 22:27:57',	'2023-09-02 22:27:57'),
(759,	'Modul Transaksi Buat SPD',	'Buat Data SPD Halaman Pertama',	98,	1,	'Admin Admin',	'admin@argon.com',	'2023-09-02 22:40:05',	'2023-09-02 22:40:05'),
(760,	'Modul Transaksi Buat SPD',	'Buat Data SPD Halaman Pertama',	99,	1,	'Admin Admin',	'admin@argon.com',	'2023-09-02 22:43:06',	'2023-09-02 22:43:06'),
(761,	'Modul Transaksi Buat SPD',	'Buat Data SPD Halaman Pertama',	100,	1,	'Admin Admin',	'admin@argon.com',	'2023-09-02 22:51:22',	'2023-09-02 22:51:22'),
(762,	'Modul Transaksi Buat SPD',	'Buat Data SPD Halaman Pertama',	101,	1,	'Admin Admin',	'admin@argon.com',	'2023-09-02 22:52:58',	'2023-09-02 22:52:58'),
(763,	'Modul Transaksi Buat SPD',	'Buat Data SPD Halaman Pertama',	102,	1,	'Admin Admin',	'admin@argon.com',	'2023-09-02 22:54:17',	'2023-09-02 22:54:17'),
(764,	'Modul Master Ts rincian',	'Tambah Data',	115,	1,	'Admin Admin',	'admin@argon.com',	'2023-09-02 23:01:18',	'2023-09-02 23:01:18'),
(765,	'Modul Transaksi Buat SPD',	'Buat Data SPD Halaman Pertama',	103,	1,	'Admin Admin',	'admin@argon.com',	'2023-09-02 23:02:08',	'2023-09-02 23:02:08'),
(766,	'Modul Transaksi Buat SPD',	'Buat Data SPD Halaman Pertama',	104,	1,	'Admin Admin',	'admin@argon.com',	'2023-09-02 23:18:26',	'2023-09-02 23:18:26'),
(767,	'Modul Transaksi Buat SPD',	'Buat Data SPD Halaman Pertama',	105,	1,	'Admin Admin',	'admin@argon.com',	'2023-09-02 23:18:35',	'2023-09-02 23:18:35'),
(768,	'Modul Transaksi Buat SPD',	'Buat Data SPD Halaman Pertama',	106,	1,	'Admin Admin',	'admin@argon.com',	'2023-09-02 23:20:09',	'2023-09-02 23:20:09'),
(769,	'Modul Transaksi Buat SPD',	'Buat Data SPD Halaman Pertama',	107,	1,	'Admin Admin',	'admin@argon.com',	'2023-09-02 23:21:57',	'2023-09-02 23:21:57'),
(770,	'Modul Transaksi Buat SPD',	'Buat Data SPD Halaman Pertama',	108,	1,	'Admin Admin',	'admin@argon.com',	'2023-09-02 23:23:11',	'2023-09-02 23:23:11'),
(771,	'Modul Transaksi Buat SPD',	'Buat Data SPD Halaman Pertama',	109,	1,	'Admin Admin',	'admin@argon.com',	'2023-09-02 23:24:36',	'2023-09-02 23:24:36'),
(772,	'Modul Transaksi Buat SPD',	'Buat Data SPD Halaman Pertama',	110,	1,	'Admin Admin',	'admin@argon.com',	'2023-09-02 23:26:14',	'2023-09-02 23:26:14'),
(773,	'Modul Transaksi Buat SPD',	'Buat Data SPD Halaman Pertama',	111,	1,	'Admin Admin',	'admin@argon.com',	'2023-09-02 23:26:21',	'2023-09-02 23:26:21'),
(774,	'Modul Transaksi Buat SPD',	'Buat Data SPD Halaman Pertama',	112,	1,	'Admin Admin',	'admin@argon.com',	'2023-09-02 23:26:26',	'2023-09-02 23:26:26'),
(775,	'Modul Transaksi Buat SPD',	'Buat Data SPD Halaman Pertama',	113,	1,	'Admin Admin',	'admin@argon.com',	'2023-09-02 23:26:38',	'2023-09-02 23:26:38'),
(776,	'Modul Transaksi Buat SPD',	'Buat Data SPD Halaman Pertama',	114,	1,	'Admin Admin',	'admin@argon.com',	'2023-09-02 23:35:52',	'2023-09-02 23:35:52'),
(777,	'Modul Transaksi Buat SPD',	'Buat Data SPD Halaman Pertama',	115,	1,	'Admin Admin',	'admin@argon.com',	'2023-09-02 23:49:58',	'2023-09-02 23:49:58'),
(778,	'Modul Transaksi Buat SPD',	'Buat Data SPD Halaman Pertama',	116,	1,	'Admin Admin',	'admin@argon.com',	'2023-09-03 08:49:20',	'2023-09-03 08:49:20'),
(779,	'Modul Transaksi Buat SPD',	'Buat Data SPD Halaman Pertama',	117,	1,	'Admin Admin',	'admin@argon.com',	'2023-09-03 08:53:12',	'2023-09-03 08:53:12'),
(780,	'Modul Master Telaahan Staf',	'Update Data',	28,	1,	'Admin Admin',	'admin@argon.com',	'2023-09-07 07:31:43',	'2023-09-07 07:31:43'),
(781,	'Modul Master Telaahan Staf',	'Update Data',	32,	1,	'Admin Admin',	'admin@argon.com',	'2023-09-07 07:47:10',	'2023-09-07 07:47:10'),
(782,	'Modul Master Telaahan Staf',	'Update Data',	32,	1,	'Admin Admin',	'admin@argon.com',	'2023-09-07 07:47:27',	'2023-09-07 07:47:27'),
(783,	'Modul Master Telaahan Staf',	'Update Data',	32,	1,	'Admin Admin',	'admin@argon.com',	'2023-09-07 07:48:12',	'2023-09-07 07:48:12'),
(784,	'Modul Master Telaahan Staf',	'Update Data',	32,	1,	'Admin Admin',	'admin@argon.com',	'2023-09-07 07:48:44',	'2023-09-07 07:48:44'),
(785,	'Modul Master Telaahan Staf',	'Update Data',	32,	1,	'Admin Admin',	'admin@argon.com',	'2023-09-07 07:49:24',	'2023-09-07 07:49:24'),
(786,	'Modul Master Telaahan Staf',	'Update Data',	32,	1,	'Admin Admin',	'admin@argon.com',	'2023-09-07 07:50:21',	'2023-09-07 07:50:21'),
(787,	'Modul Master Telaahan Staf',	'Update Data',	32,	1,	'Admin Admin',	'admin@argon.com',	'2023-09-07 08:51:10',	'2023-09-07 08:51:10'),
(788,	'Modul Master Telaahan Staf',	'Update Data',	28,	1,	'Admin Admin',	'admin@argon.com',	'2023-09-07 08:51:22',	'2023-09-07 08:51:22'),
(789,	'Modul Master Telaahan Staf',	'Update Data',	30,	1,	'Admin Admin',	'admin@argon.com',	'2023-09-07 08:51:29',	'2023-09-07 08:51:29'),
(790,	'Modul Master Telaahan Staf',	'Update Data',	26,	1,	'Admin Admin',	'admin@argon.com',	'2023-09-07 08:52:13',	'2023-09-07 08:52:13'),
(791,	'Modul Ts_master',	'Create Data',	37,	1,	'Admin Admin',	'admin@argon.com',	'2023-09-07 08:59:31',	'2023-09-07 08:59:31'),
(792,	'Modul Master Telaahan Staf',	'Update Data',	37,	1,	'Admin Admin',	'admin@argon.com',	'2023-09-07 09:00:07',	'2023-09-07 09:00:07'),
(793,	'Modul Master Telaahan Staf',	'Update Data',	32,	1,	'Admin Admin',	'admin@argon.com',	'2023-09-07 09:09:03',	'2023-09-07 09:09:03'),
(794,	'Modul Master Telaahan Staf',	'Update Data',	37,	1,	'Admin Admin',	'admin@argon.com',	'2023-09-07 09:27:20',	'2023-09-07 09:27:20'),
(795,	'Modul Ts_master',	'Create Data',	38,	1,	'Admin Admin',	'admin@argon.com',	'2023-09-07 09:28:16',	'2023-09-07 09:28:16'),
(796,	'Modul Ts_master',	'Create Data',	39,	1,	'Admin Admin',	'admin@argon.com',	'2023-09-07 09:31:33',	'2023-09-07 09:31:33'),
(797,	'Modul TS Master',	'Hapus Data',	39,	1,	'Admin Admin',	'admin@argon.com',	'2023-09-07 09:31:58',	'2023-09-07 09:31:58'),
(798,	'Modul Transaksi Buat SPD',	'Buat Data SPD Halaman Pertama',	118,	1,	'Admin Admin',	'admin@argon.com',	'2023-09-09 04:11:50',	'2023-09-09 04:11:50'),
(799,	'Modul Transaksi Buat SPD rincian',	'Tambah Data',	3,	1,	'Admin Admin',	'admin@argon.com',	'2023-09-09 05:11:30',	'2023-09-09 05:11:30'),
(800,	'Modul Transaksi Buat SPD rincian',	'Tambah Data',	4,	1,	'Admin Admin',	'admin@argon.com',	'2023-09-09 05:12:30',	'2023-09-09 05:12:30'),
(801,	'Modul Transaksi Buat SPD rincian',	'Tambah Data',	5,	1,	'Admin Admin',	'admin@argon.com',	'2023-09-09 08:12:37',	'2023-09-09 08:12:37'),
(802,	'Modul Transaksi Buat SPD rincian',	'Tambah Data',	6,	1,	'Admin Admin',	'admin@argon.com',	'2023-09-09 08:14:45',	'2023-09-09 08:14:45'),
(803,	'Modul Transaksi Buat SPD rincian',	'Tambah Data',	7,	1,	'Admin Admin',	'admin@argon.com',	'2023-09-09 08:14:45',	'2023-09-09 08:14:45'),
(804,	'Modul Transakdi SPD Rinci',	'Hapus Data',	7,	1,	'Admin Admin',	'admin@argon.com',	'2023-09-09 08:23:11',	'2023-09-09 08:23:11'),
(805,	'Modul Transaksi Buat SPD rincian',	'Tambah Data',	8,	1,	'Admin Admin',	'admin@argon.com',	'2023-09-09 08:27:20',	'2023-09-09 08:27:20'),
(806,	'Modul Transakdi SPD Rinci',	'Hapus Data',	8,	1,	'Admin Admin',	'admin@argon.com',	'2023-09-09 08:27:40',	'2023-09-09 08:27:40'),
(807,	'Modul Transaksi Buat SPD rincian',	'Tambah Data',	9,	1,	'Admin Admin',	'admin@argon.com',	'2023-09-09 08:28:34',	'2023-09-09 08:28:34'),
(808,	'Modul Transakdi SPD Rinci',	'Hapus Data',	9,	1,	'Admin Admin',	'admin@argon.com',	'2023-09-09 08:28:39',	'2023-09-09 08:28:39'),
(809,	'Modul Transaksi Buat SPD',	'Buat Data SPD Halaman Pertama',	119,	1,	'Admin Admin',	'admin@argon.com',	'2023-09-10 07:58:02',	'2023-09-10 07:58:02'),
(810,	'Modul Transaksi Buat SPD rincian',	'Tambah Data',	10,	1,	'Admin Admin',	'admin@argon.com',	'2023-09-10 07:58:16',	'2023-09-10 07:58:16'),
(811,	'Modul Transaksi Buat SPD rincian',	'Tambah Data',	11,	1,	'Admin Admin',	'admin@argon.com',	'2023-09-10 07:58:16',	'2023-09-10 07:58:16'),
(812,	'Modul Transaksi Buat SPD rincian',	'Tambah Data',	15,	1,	'Admin Admin',	'admin@argon.com',	'2023-09-11 02:32:51',	'2023-09-11 02:32:51'),
(813,	'Modul Transaksi Buat SPD rincian',	'Tambah Data',	16,	1,	'Admin Admin',	'admin@argon.com',	'2023-09-11 02:32:51',	'2023-09-11 02:32:51'),
(814,	'Modul Transakdi SPD Rinci',	'Hapus Data',	17,	1,	'Admin Admin',	'admin@argon.com',	'2023-09-11 07:21:38',	'2023-09-11 07:21:38'),
(815,	'Modul Transakdi SPD Rinci',	'Hapus Data',	18,	1,	'Admin Admin',	'admin@argon.com',	'2023-09-11 07:21:44',	'2023-09-11 07:21:44'),
(816,	'Modul Transakdi SPD Rinci',	'Hapus Data',	19,	1,	'Admin Admin',	'admin@argon.com',	'2023-09-11 07:21:50',	'2023-09-11 07:21:50'),
(817,	'Modul Transakdi SPD Rinci',	'Hapus Data',	20,	1,	'Admin Admin',	'admin@argon.com',	'2023-09-11 07:21:55',	'2023-09-11 07:21:55'),
(818,	'Modul Transaksi Buat SPD rincian',	'Tambah Data',	21,	1,	'Admin Admin',	'admin@argon.com',	'2023-09-11 07:22:03',	'2023-09-11 07:22:03'),
(819,	'Modul Transaksi Buat SPD rincian',	'Tambah Data',	23,	1,	'Admin Admin',	'admin@argon.com',	'2023-09-11 07:31:23',	'2023-09-11 07:31:23'),
(820,	'Modul Transaksi Buat SPD rincian',	'Tambah Data',	24,	1,	'Admin Admin',	'admin@argon.com',	'2023-09-11 07:31:23',	'2023-09-11 07:31:23'),
(821,	'Modul Transakdi SPD Rinci',	'Hapus Data',	24,	1,	'Admin Admin',	'admin@argon.com',	'2023-09-11 22:56:17',	'2023-09-11 22:56:17'),
(822,	'Modul Transaksi Buat SPD',	'Buat Data SPD Halaman Pertama',	120,	1,	'Admin Admin',	'admin@argon.com',	'2023-09-12 02:55:44',	'2023-09-12 02:55:44'),
(823,	'Modul Transaksi Buat SPD',	'Buat Data SPD Halaman Pertama',	121,	1,	'Admin Admin',	'admin@argon.com',	'2023-09-12 03:07:54',	'2023-09-12 03:07:54'),
(824,	'Modul Transaksi Buat SPD',	'Buat Data SPD Halaman Pertama',	122,	1,	'Admin Admin',	'admin@argon.com',	'2023-09-12 03:11:45',	'2023-09-12 03:11:45'),
(825,	'Modul Transaksi Buat SPD rincian',	'Tambah Data',	25,	1,	'Admin Admin',	'admin@argon.com',	'2023-09-12 03:12:13',	'2023-09-12 03:12:13'),
(826,	'Modul Transaksi Buat SPD rincian',	'Tambah Data',	26,	1,	'Admin Admin',	'admin@argon.com',	'2023-09-12 03:12:13',	'2023-09-12 03:12:13'),
(827,	'Modul Transaksi Buat SPD',	'Buat Data SPD Halaman Pertama',	123,	1,	'Admin Admin',	'admin@argon.com',	'2023-09-12 04:56:49',	'2023-09-12 04:56:49'),
(828,	'Modul Transaksi Buat SPD',	'Edit data buat SPD',	119,	1,	'Admin Admin',	'admin@argon.com',	'2023-09-12 04:59:34',	'2023-09-12 04:59:34'),
(829,	'Modul Transaksi Buat SPD',	'Edit data buat SPD',	119,	1,	'Admin Admin',	'admin@argon.com',	'2023-09-12 05:03:11',	'2023-09-12 05:03:11'),
(830,	'Modul Transaksi ',	'Hapus Data Buat SPD',	119,	1,	'Admin Admin',	'admin@argon.com',	'2023-09-12 05:04:37',	'2023-09-12 05:04:37'),
(831,	'Modul Transaksi Buat SPD',	'Update Data Surat Tugas Perjadin',	122,	1,	'Admin Admin',	'admin@argon.com',	'2023-09-12 07:44:42',	'2023-09-12 07:44:42'),
(832,	'Modul Transaksi Buat SPD',	'Update Data Surat Tugas Perjadin',	122,	1,	'Admin Admin',	'admin@argon.com',	'2023-09-12 07:48:54',	'2023-09-12 07:48:54'),
(833,	'Modul TS Master Rincian',	'Hapus Data',	103,	1,	'Admin Admin',	'admin@argon.com',	'2023-09-12 08:25:07',	'2023-09-12 08:25:07'),
(834,	'Modul Master Ts rincian',	'Tambah Data',	116,	1,	'Admin Admin',	'admin@argon.com',	'2023-09-13 02:06:49',	'2023-09-13 02:06:49'),
(835,	'Modul Transaksi Buat SPD',	'Buat Data SPD Halaman Pertama',	124,	1,	'Admin Admin',	'admin@argon.com',	'2023-09-13 08:16:57',	'2023-09-13 08:16:57'),
(836,	'Modul Transaksi ',	'Hapus Data Buat SPD',	124,	1,	'Admin Admin',	'admin@argon.com',	'2023-09-13 08:29:04',	'2023-09-13 08:29:04'),
(837,	'Modul Transaksi Buat SPD',	'Buat Data SPD Halaman Pertama',	125,	1,	'Admin Admin',	'admin@argon.com',	'2023-09-13 08:30:08',	'2023-09-13 08:30:08'),
(838,	'Modul Transaksi Buat SPD rincian',	'Tambah Data',	27,	1,	'Admin Admin',	'admin@argon.com',	'2023-09-13 08:33:33',	'2023-09-13 08:33:33'),
(839,	'Modul Master Telaahan Staf',	'Update Data',	38,	1,	'Admin Admin',	'admin@argon.com',	'2023-09-13 08:41:12',	'2023-09-13 08:41:12'),
(840,	'Modul Transaksi Buat SPD rincian',	'Tambah Data',	28,	1,	'Admin Admin',	'admin@argon.com',	'2023-09-15 03:41:09',	'2023-09-15 03:41:09'),
(841,	'Modul Transaksi Buat SPD',	'Update Data Surat Tugas Perjadin',	122,	1,	'Admin Admin',	'admin@argon.com',	'2023-10-04 19:58:39',	'2023-10-04 19:58:39'),
(842,	'Modul - Modul System',	'Update Data',	1,	1,	'Admin Admin',	'admin@argon.com',	'2023-11-23 01:02:54',	'2023-11-23 01:02:54'),
(843,	'Modul - Modul System',	'Update Data',	4,	1,	'Admin Admin',	'admin@argon.com',	'2023-11-23 01:09:38',	'2023-11-23 01:09:38'),
(844,	'Modul - Modul System',	'Update Data',	9,	1,	'Admin Admin',	'admin@argon.com',	'2023-11-23 01:09:50',	'2023-11-23 01:09:50'),
(845,	'Modul Users',	'Update Data',	1,	29,	'H. HENDRI PANI DIAS, S.Ag, M.A',	'panidias@gmail.com',	'2023-12-04 01:46:29',	'2023-12-04 01:46:29'),
(846,	'Modul Users',	'Update Data',	29,	1,	'Admin',	'admin@argon.com',	'2023-12-05 01:10:05',	'2023-12-05 01:10:05'),
(847,	'Arsip Dokumen - Modul Master',	'Create Data',	1,	1,	'Admin',	'admin@argon.com',	'2023-12-12 00:44:42',	'2023-12-12 00:44:42'),
(848,	'Arsip Dokumen - Modul Master',	'Create Data',	2,	1,	'Admin',	'admin@argon.com',	'2023-12-12 00:48:48',	'2023-12-12 00:48:48'),
(849,	'Arsip Dokumen - Modul Master',	'Create Data',	3,	1,	'Admin',	'admin@argon.com',	'2023-12-12 00:49:50',	'2023-12-12 00:49:50'),
(850,	'Arsip Dokumen - Modul Master',	'Create Data',	4,	1,	'Admin',	'admin@argon.com',	'2023-12-12 00:50:30',	'2023-12-12 00:50:30'),
(851,	'Arsip Dokumen - Modul Master',	'Create Data',	5,	1,	'Admin',	'admin@argon.com',	'2023-12-12 00:51:31',	'2023-12-12 00:51:31'),
(852,	'Arsip Dokumen - Modul Master',	'Create Data',	6,	1,	'Admin',	'admin@argon.com',	'2023-12-12 00:52:12',	'2023-12-12 00:52:12'),
(853,	'Arsip Dokumen - Modul Master',	'Create Data',	7,	1,	'Admin',	'admin@argon.com',	'2023-12-12 00:52:33',	'2023-12-12 00:52:33'),
(854,	'Arsip Dokumen - Modul Master',	'Create Data',	8,	1,	'Admin',	'admin@argon.com',	'2023-12-12 00:54:08',	'2023-12-12 00:54:08'),
(855,	'Arsip Dokumen - Modul Master',	'Update Data',	1,	1,	'Admin',	'admin@argon.com',	'2023-12-13 01:26:20',	'2023-12-13 01:26:20'),
(856,	'Arsip Dokumen - Modul Master',	'Update Data',	1,	1,	'Admin',	'admin@argon.com',	'2023-12-13 01:26:32',	'2023-12-13 01:26:32'),
(857,	'Arsip Dokumen - Modul Master',	'Update Data',	1,	1,	'Admin',	'admin@argon.com',	'2023-12-13 01:26:40',	'2023-12-13 01:26:40'),
(858,	'Arsip Dokumen - Modul Master',	'Update Data',	1,	1,	'Admin',	'admin@argon.com',	'2023-12-13 01:47:12',	'2023-12-13 01:47:12'),
(859,	'Arsip Dokumen - Modul Master',	'Hapus Data',	8,	1,	'Admin',	'admin@argon.com',	'2023-12-13 01:51:11',	'2023-12-13 01:51:11'),
(860,	'Arsip Dokumen - Modul Master',	'Hapus Data',	7,	1,	'Admin',	'admin@argon.com',	'2023-12-13 01:54:38',	'2023-12-13 01:54:38'),
(861,	'Arsip Dokumen - Modul Master',	'Create Data',	9,	1,	'Admin',	'admin@argon.com',	'2023-12-13 01:54:51',	'2023-12-13 01:54:51'),
(862,	'Arsip Dokumen - Modul Master',	'Update Data',	7,	1,	'Admin',	'admin@argon.com',	'2023-12-13 01:56:23',	'2023-12-13 01:56:23'),
(863,	'Arsip Dokumen - Modul Master',	'Create Data',	10,	1,	'Admin',	'admin@argon.com',	'2023-12-13 01:56:57',	'2023-12-13 01:56:57'),
(864,	'Arsip Dokumen - Modul Master',	'Create Data',	11,	1,	'Admin',	'admin@argon.com',	'2023-12-13 01:58:27',	'2023-12-13 01:58:27'),
(865,	'Arsip Dokumen - Modul Master',	'Create Data',	10,	1,	'Admin',	'admin@argon.com',	'2023-12-13 02:04:10',	'2023-12-13 02:04:10'),
(866,	'Arsip Dokumen - Modul Master',	'Create Data',	11,	1,	'Admin',	'admin@argon.com',	'2023-12-13 02:05:54',	'2023-12-13 02:05:54'),
(867,	'Arsip Dokumen - Modul Master',	'Create Data',	14,	1,	'Admin',	'admin@argon.com',	'2023-12-13 19:54:15',	'2023-12-13 19:54:15'),
(868,	'Arsip Dokumen - Modul Master',	'Update Data',	14,	1,	'Admin',	'admin@argon.com',	'2023-12-13 19:54:43',	'2023-12-13 19:54:43'),
(869,	'Arsip Dokumen - Modul Master',	'Update Data',	14,	1,	'Admin',	'admin@argon.com',	'2023-12-13 19:54:53',	'2023-12-13 19:54:53'),
(870,	'Modul  - Modul System',	'Create Data',	30,	1,	'Admin',	'admin@argon.com',	'2023-12-13 19:57:38',	'2023-12-13 19:57:38'),
(871,	'Modul - Modul System',	'Update Data',	1,	1,	'Admin',	'admin@argon.com',	'2023-12-13 19:59:00',	'2023-12-13 19:59:00'),
(872,	'Modul - Modul System',	'Update Data',	14,	1,	'Admin',	'admin@argon.com',	'2023-12-13 19:59:53',	'2023-12-13 19:59:53'),
(873,	'Modul - Modul System',	'Update Data',	10,	1,	'Admin',	'admin@argon.com',	'2023-12-13 20:00:43',	'2023-12-13 20:00:43'),
(874,	'Modul - Modul System',	'Update Data',	10,	1,	'Admin',	'admin@argon.com',	'2023-12-13 20:00:55',	'2023-12-13 20:00:55'),
(875,	'Modul - Modul System',	'Update Data',	14,	1,	'Admin',	'admin@argon.com',	'2023-12-13 20:04:36',	'2023-12-13 20:04:36'),
(876,	'Simpan data transaksi upload dokumen ASN - Modul Transaksi',	'Create Data',	1,	1,	'Admin',	'admin@argon.com',	'2023-12-18 00:31:06',	'2023-12-18 00:31:06'),
(877,	'Simpan data transaksi upload dokumen ASN - Modul Transaksi',	'Create Data',	2,	1,	'Admin',	'admin@argon.com',	'2023-12-18 00:48:14',	'2023-12-18 00:48:14'),
(878,	'Simpan data transaksi upload dokumen ASN - Modul Transaksi',	'Create Data',	3,	1,	'Admin',	'admin@argon.com',	'2023-12-18 01:24:18',	'2023-12-18 01:24:18'),
(879,	'Simpan data transaksi upload dokumen ASN - Modul Transaksi',	'Create Data',	4,	1,	'Admin',	'admin@argon.com',	'2023-12-18 01:40:09',	'2023-12-18 01:40:09'),
(880,	'Simpan data transaksi upload dokumen ASN - Modul Transaksi',	'Create Data',	5,	1,	'Admin',	'admin@argon.com',	'2023-12-18 01:59:10',	'2023-12-18 01:59:10'),
(881,	'Simpan data transaksi upload dokumen ASN - Modul Transaksi',	'Create Data',	6,	1,	'Admin',	'admin@argon.com',	'2023-12-18 02:00:06',	'2023-12-18 02:00:06'),
(882,	'Simpan data transaksi upload dokumen ASN - Modul Transaksi',	'Create Data',	7,	1,	'Admin',	'admin@argon.com',	'2023-12-18 02:17:36',	'2023-12-18 02:17:36'),
(883,	'Simpan data transaksi upload dokumen ASN - Modul Transaksi',	'Create Data',	8,	1,	'Admin',	'admin@argon.com',	'2023-12-18 02:19:20',	'2023-12-18 02:19:20'),
(884,	'Modul Pegawai',	'Update Data',	10,	1,	'Admin',	'admin@argon.com',	'2023-12-22 01:57:24',	'2023-12-22 01:57:24'),
(885,	'Simpan data transaksi upload dokumen ASN - Modul Transaksi',	'Create Data',	9,	1,	'Admin',	'admin@argon.com',	'2024-01-01 21:11:43',	'2024-01-01 21:11:43'),
(886,	'Simpan data transaksi upload dokumen ASN - Modul Transaksi',	'Create Data',	10,	1,	'Admin',	'admin@argon.com',	'2024-01-03 19:32:48',	'2024-01-03 19:32:48'),
(887,	'Arsip Dokumen - Modul Master',	'Create Data',	15,	1,	'Admin',	'admin@argon.com',	'2024-01-03 19:38:22',	'2024-01-03 19:38:22'),
(888,	'Modul Pegawai',	'Update Data',	93,	1,	'Admin',	'admin@argon.com',	'2024-01-03 20:39:14',	'2024-01-03 20:39:14'),
(889,	'Modul Pegawai',	'Update Data',	93,	1,	'Admin',	'admin@argon.com',	'2024-01-03 20:44:59',	'2024-01-03 20:44:59'),
(890,	'Modul Users',	'Create Data',	35,	1,	'Administrator',	'admin@argon.com',	'2024-02-03 08:02:27',	'2024-02-03 08:02:27'),
(891,	'Modul Users',	'Create Data',	36,	1,	'Administrator',	'admin@argon.com',	'2024-02-03 08:02:54',	'2024-02-03 08:02:54'),
(892,	'Modul Users',	'Update Data',	35,	1,	'Administrator',	'admin@argon.com',	'2024-02-03 08:29:24',	'2024-02-03 08:29:24'),
(893,	'Modul Users',	'Update Data',	35,	1,	'Administrator',	'admin@argon.com',	'2024-02-03 08:32:54',	'2024-02-03 08:32:54'),
(894,	'Modul Users',	'Update Data',	36,	1,	'Administrator',	'admin@argon.com',	'2024-02-03 08:35:26',	'2024-02-03 08:35:26');

DROP TABLE IF EXISTS `mata_anggaran`;
CREATE TABLE `mata_anggaran` (
  `id` smallint(6) NOT NULL AUTO_INCREMENT,
  `unit_kerja` varchar(50) NOT NULL,
  `no_dipa` varchar(50) NOT NULL,
  `kode_mata_anggara` varchar(10) NOT NULL,
  PRIMARY KEY (`id`)
) ENGINE=InnoDB DEFAULT CHARSET=latin1 COLLATE=latin1_swedish_ci;

INSERT INTO `mata_anggaran` (`id`, `unit_kerja`, `no_dipa`, `kode_mata_anggara`) VALUES
(1,	'Pendis',	'XXXXXXXXXX',	'121212121');

DROP TABLE IF EXISTS `menu_type`;
CREATE TABLE `menu_type` (
  `id` int(11) NOT NULL AUTO_INCREMENT,
  `menu_name` varchar(100) NOT NULL,
  `created_at` timestamp NULL DEFAULT NULL,
  `updated_at` timestamp NULL DEFAULT NULL,
  PRIMARY KEY (`id`)
) ENGINE=InnoDB DEFAULT CHARSET=utf8mb4 COLLATE=utf8mb4_general_ci;

INSERT INTO `menu_type` (`id`, `menu_name`, `created_at`, `updated_at`) VALUES
(1,	'Menu Admin',	NULL,	NULL),
(2,	'Menu Umum',	NULL,	NULL),
(3,	'Menu Arsip',	NULL,	NULL),
(4,	'Menu Agenda',	NULL,	NULL),
(5,	'Menu Cuti',	NULL,	NULL),
(6,	'Menu Perjadin',	'2023-12-05 02:22:53',	'2023-12-05 02:22:53');

DROP TABLE IF EXISTS `migrations`;
CREATE TABLE `migrations` (
  `id` int(10) unsigned NOT NULL AUTO_INCREMENT,
  `migration` varchar(191) NOT NULL,
  `batch` int(11) NOT NULL,
  PRIMARY KEY (`id`)
) ENGINE=InnoDB DEFAULT CHARSET=utf8mb4 COLLATE=utf8mb4_unicode_ci;

INSERT INTO `migrations` (`id`, `migration`, `batch`) VALUES
(1,	'2014_10_12_000000_create_users_table',	1),
(2,	'2014_10_12_100000_create_password_resets_table',	1),
(3,	'2019_08_19_000000_create_failed_jobs_table',	1),
(4,	'2019_12_14_000001_create_personal_access_tokens_table',	1),
(5,	'2014_10_12_100000_create_password_reset_tokens_table',	2),
(6,	'2014_10_12_200000_add_two_factor_columns_to_users_table',	2),
(7,	'2024_01_20_181726_create_sessions_table',	2);

DROP TABLE IF EXISTS `modul`;
CREATE TABLE `modul` (
  `id` int(10) unsigned NOT NULL AUTO_INCREMENT,
  `nama_modul` varchar(255) NOT NULL,
  `nama_menu` varchar(255) DEFAULT NULL,
  `modul_type_id` int(11) DEFAULT NULL,
  `menu_id` int(11) DEFAULT NULL,
  `created_at` timestamp NULL DEFAULT NULL ON UPDATE current_timestamp(),
  `updated_at` timestamp NULL DEFAULT NULL ON UPDATE current_timestamp(),
  PRIMARY KEY (`id`),
  UNIQUE KEY `nama_modul` (`nama_modul`(191)),
  KEY `modul_type_id` (`modul_type_id`),
  KEY `menu_id` (`menu_id`),
  CONSTRAINT `modul_ibfk_1` FOREIGN KEY (`modul_type_id`) REFERENCES `modul_type` (`id`),
  CONSTRAINT `modul_ibfk_2` FOREIGN KEY (`menu_id`) REFERENCES `menu_type` (`id`)
) ENGINE=InnoDB DEFAULT CHARSET=utf8mb4 COLLATE=utf8mb4_unicode_ci;

INSERT INTO `modul` (`id`, `nama_modul`, `nama_menu`, `modul_type_id`, `menu_id`, `created_at`, `updated_at`) VALUES
(1,	'role_user',	'Level User',	1,	1,	'2023-12-01 03:47:30',	'2023-12-01 03:47:30'),
(2,	'data_user',	'Data User',	1,	1,	'2023-12-01 03:47:36',	'2023-12-01 03:47:36'),
(3,	'role_permission',	'Role Permission',	1,	1,	'2023-12-01 03:47:40',	'2023-12-01 03:47:40'),
(4,	'modul_name',	'Modul Aplikasi',	1,	1,	'2023-11-23 07:51:30',	'2023-11-23 07:51:30'),
(5,	'unit_kerja',	'Unit Kerja',	2,	1,	'2023-12-05 02:03:46',	'2023-12-05 02:03:46'),
(6,	'pejabat',	'Data Pejabat',	2,	1,	'2023-12-05 02:03:57',	'2023-12-05 02:03:57'),
(7,	'report_spd/token',	'Cari Token SPD',	4,	5,	'2023-12-05 02:05:24',	'2023-12-05 02:05:24'),
(8,	'report_spd',	'Monitoring SPD',	4,	5,	'2023-12-05 02:05:30',	'2023-12-05 02:05:30'),
(9,	'logs',	'Logs System',	1,	2,	'2023-12-05 02:27:27',	'2023-12-05 02:27:27'),
(10,	'pegawai',	'Guru dan Tendik',	2,	1,	'2023-12-05 08:53:16',	'2023-12-05 08:53:16'),
(11,	'utility',	'Setting System',	1,	1,	'2023-12-04 03:56:30',	'2023-12-04 03:56:30'),
(12,	'buat_spd',	'Buat Data SPD',	3,	3,	'2023-12-05 03:00:00',	'2023-12-05 03:00:00'),
(13,	'doc_arsip',	'Dokumen Arsip',	2,	1,	'2023-12-07 03:51:12',	'2023-12-07 03:51:12'),
(14,	'group_arsip',	'Group Jenis Arsip',	2,	1,	'2023-12-14 03:04:36',	'2023-12-13 20:04:36'),
(15,	'verifikator',	'Inbox Verifikator',	3,	5,	'2023-12-05 02:07:45',	'2023-12-05 02:07:45'),
(16,	'arsip_trc',	'Inbox Dokumen',	3,	3,	'2023-12-14 09:10:00',	'2023-12-14 09:10:00'),
(17,	'spd_master',	'Kontrol SPD',	3,	5,	'2023-12-05 02:07:51',	'2023-12-05 02:07:51'),
(26,	'ts_master',	'Tela\'ahan Staf',	3,	2,	'2023-12-05 02:20:41',	'2023-12-05 02:20:41');

DROP TABLE IF EXISTS `modul_type`;
CREATE TABLE `modul_type` (
  `id` int(11) NOT NULL AUTO_INCREMENT,
  `modul_type` char(50) NOT NULL,
  `created_at` datetime NOT NULL DEFAULT '0000-00-00 00:00:00' ON UPDATE current_timestamp(),
  `updated_at` datetime NOT NULL DEFAULT '0000-00-00 00:00:00' ON UPDATE current_timestamp(),
  PRIMARY KEY (`id`)
) ENGINE=InnoDB DEFAULT CHARSET=latin1 COLLATE=latin1_swedish_ci;

INSERT INTO `modul_type` (`id`, `modul_type`, `created_at`, `updated_at`) VALUES
(1,	'System',	'2021-07-22 15:24:28',	'2021-07-22 15:24:28'),
(2,	'Master Data',	'2021-07-22 15:24:39',	'2021-07-22 15:24:39'),
(3,	'Transaksi Data',	'2021-07-22 15:24:44',	'2021-07-22 15:24:44'),
(4,	'Report',	'2021-11-17 17:58:25',	'2021-11-17 17:58:25');

DROP TABLE IF EXISTS `panggol`;
CREATE TABLE `panggol` (
  `id` int(10) unsigned NOT NULL AUTO_INCREMENT,
  `pangkat` varchar(25) NOT NULL,
  `gol` varchar(5) NOT NULL,
  `created_at` timestamp NULL DEFAULT NULL,
  `updated_at` timestamp NULL DEFAULT NULL,
  PRIMARY KEY (`id`)
) ENGINE=InnoDB DEFAULT CHARSET=utf8mb4 COLLATE=utf8mb4_unicode_ci;

INSERT INTO `panggol` (`id`, `pangkat`, `gol`, `created_at`, `updated_at`) VALUES
(1,	'Pengatur Muda',	'II/a',	'2021-08-20 04:16:09',	'2022-01-12 06:54:39'),
(2,	'Pengatur Muda Tk. I',	'II/b',	'2021-08-20 02:51:35',	'2021-08-20 04:19:35'),
(3,	'Pengatur',	'IIc',	'2021-08-20 02:52:09',	'2021-08-20 02:52:09'),
(4,	'Pengatur Tingkat I',	'II/d',	'2021-08-20 02:52:23',	'2021-08-20 04:21:11'),
(5,	'Penata Muda',	'III/a',	'2021-08-20 02:52:38',	'2021-08-20 02:52:38'),
(6,	'Penata Muda Tk I',	'III/b',	'2021-08-20 02:52:51',	'2021-08-20 04:21:31'),
(7,	'Penata',	'III/c',	'2021-08-20 02:53:11',	'2021-08-20 02:53:11'),
(8,	'Penata Tingkat I',	'III/d',	'2021-08-20 02:53:25',	'2021-08-20 02:53:25'),
(9,	'Pembina',	'IV/a',	'2021-08-20 02:53:43',	'2021-08-20 02:53:43'),
(10,	'Pembina Tingkat I',	'IV/b',	NULL,	'2021-09-30 13:19:03'),
(11,	'Pembina Utama Muda',	'IV/c',	NULL,	NULL),
(12,	'Pembina Utama Madya',	'IV/d',	'2021-08-20 04:23:38',	'2021-08-20 04:23:38'),
(13,	'Pembina Utama',	'IV/e',	NULL,	'2021-08-24 00:53:10');

DROP TABLE IF EXISTS `password_resets`;
CREATE TABLE `password_resets` (
  `email` varchar(191) NOT NULL,
  `token` varchar(191) NOT NULL,
  `created_at` timestamp NULL DEFAULT NULL,
  KEY `password_resets_email_index` (`email`)
) ENGINE=InnoDB DEFAULT CHARSET=utf8mb4 COLLATE=utf8mb4_unicode_ci;

INSERT INTO `password_resets` (`email`, `token`, `created_at`) VALUES
('obelstones@gmail.com',	'$2y$10$pijyVQUSvWn1usCI690sVuTZfOZMGbzCRu3kbA8Ll/cS1GJqtsZgG',	'2022-04-02 23:52:31'),
('satria@gmail.com',	'$2y$10$0qMk7sDgi6aDrKzNcR.qK.AIXc..kgolmjnPH49Xij1XxgGbHY06.',	'2022-04-03 00:34:18');

DROP TABLE IF EXISTS `password_reset_tokens`;
CREATE TABLE `password_reset_tokens` (
  `email` varchar(191) NOT NULL,
  `token` varchar(191) NOT NULL,
  `created_at` timestamp NULL DEFAULT NULL,
  PRIMARY KEY (`email`)
) ENGINE=InnoDB DEFAULT CHARSET=utf8mb4 COLLATE=utf8mb4_unicode_ci;

INSERT INTO `password_reset_tokens` (`email`, `token`, `created_at`) VALUES
('rakha.dj@gmail.com',	'$2y$10$SwGg9RtJiUNgKawoZfpPzuJT3u86m29.BFFWVo0Nv5PMQ47m9jvZK',	'2024-02-04 00:17:35');

DROP TABLE IF EXISTS `pegawai`;
CREATE TABLE `pegawai` (
  `id` bigint(20) unsigned NOT NULL AUTO_INCREMENT,
  `nip` varchar(18) NOT NULL,
  `nama` text NOT NULL,
  `kode_golongan` varchar(10) NOT NULL,
  `kode_jabatan` int(11) NOT NULL,
  `jabatan_tambahan` varchar(5) DEFAULT NULL,
  `status_kepeg` varchar(7) NOT NULL,
  `unit_id` varchar(6) DEFAULT NULL,
  `no_hp` varchar(50) NOT NULL,
  `jenis_kelamin` varchar(10) NOT NULL,
  `email` varchar(191) NOT NULL,
  `alamat` varchar(191) NOT NULL,
  `image` text NOT NULL,
  `created_at` timestamp NULL DEFAULT '0000-00-00 00:00:00' ON UPDATE current_timestamp(),
  `updated_at` timestamp NULL DEFAULT '0000-00-00 00:00:00' ON UPDATE current_timestamp(),
  PRIMARY KEY (`id`),
  KEY `nip` (`nip`)
) ENGINE=InnoDB DEFAULT CHARSET=utf8mb4 COLLATE=utf8mb4_unicode_ci;

INSERT INTO `pegawai` (`id`, `nip`, `nama`, `kode_golongan`, `kode_jabatan`, `jabatan_tambahan`, `status_kepeg`, `unit_id`, `no_hp`, `jenis_kelamin`, `email`, `alamat`, `image`, `created_at`, `updated_at`) VALUES
(7,	'197003011995031001',	'Dr. H. HELMI, M.Ag',	'IV/c',	1,	'',	'PNS',	'1',	'0',	'L',	'admin@argon.com',	'-',	'profile-photos/4wJKpktseTuPaEMNkfaPYW0SIekL3iyCKwCxg8mk.jpg',	'2023-04-08 06:14:38',	'2023-04-08 06:14:38'),
(8,	'196608021994031002',	'Drs. H. MISWAN M.Pd',	'IV/b',	6,	'',	'PNS',	'2',	'',	'L',	'',	'',	'profile-photos/user.png',	'2023-04-08 05:59:06',	'2023-04-08 05:59:06'),
(9,	'197610102002122001',	'DINA FITRIA RAMA, SH.MM',	'IV/a',	22,	'',	'PNS',	'2',	'',	'P',	'',	'',	'profile-photos/user.png',	'2023-04-08 05:59:06',	'2023-04-08 05:59:06'),
(10,	'197510281998031003',	'SYAHIRUL ALIM, S,Sos.',	'III/d',	13,	NULL,	'PNS',	'2',	'08',	'L',	'rakha.dj@gmail.com',	'GG JAGUNG',	'profile-photos/k1zCPGAWjA2ZL6bNSTVWhXmmajI8lDlMh5UkwZvC.png',	'2023-12-22 08:57:24',	'2023-12-22 01:57:24'),
(11,	'198007022005012012',	'RISNA YANTI S.Sos.I',	'III/c',	15,	'',	'PNS',	'2',	'',	'P',	'',	'',	'profile-photos/user.png',	'2023-04-08 05:59:06',	'2023-04-08 05:59:06'),
(12,	'198405312009011007',	'ZAIFUL RAHMAT, S.Kom',	'III/c',	12,	'',	'PNS',	'2',	'',	'L',	'',	'',	'profile-photos/user.png',	'2023-04-08 05:59:06',	'2023-04-08 05:59:06'),
(13,	'198408312005011001',	'Dr. SUKMURDIANTO, MA',	'III/c',	24,	'',	'PNS',	'2',	'',	'L',	'',	'',	'profile-photos/user.png',	'2023-04-08 05:59:06',	'2023-04-08 05:59:06'),
(14,	'198605242011011011',	'GOPY BERMANA, M.Kom',	'III/c',	12,	'',	'PNS',	'2',	'',	'L',	'',	'',	'profile-photos/user.png',	'2023-04-08 05:59:06',	'2023-04-08 05:59:06'),
(16,	'198405092011012015',	'YESFI MIRA ANDRIA, M.Kom',	'III/c',	12,	'',	'PNS',	'3',	'',	'P',	'',	'',	'profile-photos/user.png',	'2023-04-08 05:59:06',	'2023-04-08 05:59:06'),
(17,	'197203061993032003',	'MENDRAWATI, S.AP',	'III/b',	17,	NULL,	'PNS',	'4',	'-',	'P',	'-',	'-',	'profile-photos/user.png',	'2023-07-10 09:16:05',	'2023-07-10 02:16:05'),
(18,	'198008262006041001',	'DINI MAHDUMILLAH, S.IP',	'III/b',	18,	'',	'PNS',	'2',	'',	'L',	'',	'',	'profile-photos/user.png',	'2023-04-08 05:59:06',	'2023-04-08 05:59:06'),
(19,	'196805042014111003',	'HASAN BASRI, S.AP',	'III/a',	24,	'',	'PNS',	'2',	'',	'L',	'',	'',	'profile-photos/user.png',	'2023-04-08 05:59:06',	'2023-04-08 05:59:06'),
(20,	'198909192019032016',	'SILKY PUTRI MAIZA S.I.P',	'III/a',	18,	'',	'PNS',	'2',	'',	'P',	'',	'',	'profile-photos/user.png',	'2023-04-08 05:59:06',	'2023-04-08 05:59:06'),
(21,	'198203172006042003',	'SUSY PRIMAYENI, SE,M.AB',	'IV/a',	19,	'',	'PNS',	'2',	'',	'P',	'',	'',	'profile-photos/user.png',	'2023-04-08 05:59:06',	'2023-04-08 05:59:06'),
(22,	'197905292008012013',	'ENDANG MESFITRA S,T',	'III/d',	24,	'',	'PNS',	'2',	'',	'P',	'',	'',	'profile-photos/user.png',	'2023-04-08 05:59:06',	'2023-04-08 05:59:06'),
(23,	'198108122005012004',	'VARIA GUSMA PRATIWI S.E',	'III/d',	19,	'',	'PNS',	'2',	'',	'P',	'',	'',	'profile-photos/user.png',	'2023-04-08 05:59:06',	'2023-04-08 05:59:06'),
(24,	'197503112009122001',	'SISKA ANGGRAINI SE, M.M',	'III/d',	24,	'',	'PNS',	'2',	'',	'P',	'',	'',	'profile-photos/user.png',	'2023-04-08 05:59:06',	'2023-04-08 05:59:06'),
(25,	'197904102009122002',	'Hj. LUCY AFRIANI HAKIM, S.E, Akt',	'III/d',	24,	'',	'PNS',	'2',	'',	'P',	'',	'',	'profile-photos/user.png',	'2023-04-08 05:59:06',	'2023-04-08 05:59:06'),
(26,	'197808062009011013',	'MUHAMMAD RIDHA, SE, M.Si',	'III/c',	19,	'',	'PNS',	'2',	'',	'L',	'',	'',	'profile-photos/user.png',	'2023-04-08 05:59:06',	'2023-04-08 05:59:06'),
(27,	'198404092011011011',	'H. DENNY AFRICO TASLIM, S.E',	'III/c',	19,	'ppk',	'PNS',	'2',	'0',	'L',	'x',	'x',	'profile-photos/user.png',	'2023-07-10 09:14:28',	'2023-07-10 02:14:28'),
(28,	'198810132011012011',	'ACE ASNAWELIS SE., M.Si',	'III/c',	24,	'',	'PNS',	'2',	'',	'P',	'',	'',	'profile-photos/user.png',	'2023-04-08 05:59:06',	'2023-04-08 05:59:06'),
(29,	'197511272002121009',	'H. AZMI S.E, MM',	'III/c',	24,	'',	'PNS',	'2',	'',	'L',	'',	'',	'profile-photos/user.png',	'2023-04-08 05:59:06',	'2023-04-08 05:59:06'),
(30,	'199210182015052002',	'RAHMI OCTAVIA S.E.',	'III/b',	24,	'ppk',	'PNS',	'2',	'0',	'P',	'admin@argon.com',	'-',	'profile-photos/user.png',	'2023-04-14 05:06:29',	'2023-04-14 05:06:29'),
(31,	'198303042006041005',	'RISWAN, SE',	'III/b',	24,	'',	'PNS',	'2',	'',	'L',	'',	'',	'profile-photos/user.png',	'2023-04-08 05:59:06',	'2023-04-08 05:59:06'),
(32,	'197601012006042015',	'SRI HASTUTI, SH',	'III/d',	24,	'',	'PNS',	'2',	'',	'P',	'',	'',	'profile-photos/user.png',	'2023-04-08 05:59:06',	'2023-04-08 05:59:06'),
(33,	'198407162005011001',	'FAUQA NURI ICHSAN, S.Pd., M.Pd',	'III/d',	16,	'',	'PNS',	'2',	'',	'L',	'',	'',	'profile-photos/user.png',	'2023-04-08 05:59:06',	'2023-04-08 05:59:06'),
(34,	'198302112008011007',	'RAHMAT TASNIM S.E, M.Si',	'III/d',	24,	'',	'PNS',	'2',	'',	'L',	'',	'',	'profile-photos/user.png',	'2023-04-08 05:59:06',	'2023-04-08 05:59:06'),
(35,	'197904152008011016',	'ARIESTA NURMAN SASONO SHI',	'III/c',	24,	'',	'PNS',	'2',	'',	'L',	'',	'',	'profile-photos/user.png',	'2023-04-08 05:59:06',	'2023-04-08 05:59:06'),
(36,	'199009062020121016',	'AHMAD DENI S.AP',	'III/a',	24,	'',	'PNS',	'2',	'',	'L',	'',	'',	'profile-photos/user.png',	'2023-04-08 05:59:06',	'2023-04-08 05:59:06'),
(37,	'198801092022031001',	'ARIF YANDU S.Th.I',	'III/a',	24,	'',	'PNS',	'2',	'',	'L',	'',	'',	'profile-photos/user.png',	'2023-04-08 05:59:06',	'2023-04-08 05:59:06'),
(38,	'196702151988032004',	'HELMIYETTI, S.Sos',	'IV/b',	18,	'',	'PNS',	'2',	'',	'P',	'',	'',	'profile-photos/user.png',	'2023-04-08 05:59:06',	'2023-04-08 05:59:06'),
(39,	'196902171993032002',	'Hj. GUSNIDAR, S.H., M.M',	'IV/a',	6,	'',	'PNS',	'2',	'',	'P',	'',	'',	'profile-photos/user.png',	'2023-04-08 05:59:06',	'2023-04-08 05:59:06'),
(40,	'197002071993032001',	'Hj. YENTI DESFITA, S.Kom., M.M',	'IV/a',	18,	'',	'PNS',	'4',	'',	'P',	'',	'',	'profile-photos/user.png',	'2023-04-08 05:59:06',	'2023-04-08 05:59:06'),
(41,	'197301122000032003',	'Hj. ERMAYENTI, S.Kom., M.M',	'IV/a',	18,	'',	'PNS',	'2',	'',	'P',	'',	'',	'profile-photos/user.png',	'2023-04-08 05:59:06',	'2023-04-08 05:59:06'),
(42,	'197301122000032003',	'H. M. FADLI ISLAMY S.H',	'III/d',	18,	'',	'PNS',	'2',	'',	'P',	'',	'',	'profile-photos/user.png',	'2023-04-08 05:59:06',	'2023-04-08 05:59:06'),
(43,	'196806161993032003',	'YUHELMI, SH.',	'III/d',	24,	'',	'PNS',	'2',	'',	'P',	'',	'',	'profile-photos/user.png',	'2023-04-08 05:59:06',	'2023-04-08 05:59:06'),
(44,	'197504142009012002',	'AISYAH, S.E, Akt, M.M',	'III/d',	18,	'',	'PNS',	'2',	'',	'P',	'',	'',	'profile-photos/user.png',	'2023-04-08 05:59:06',	'2023-04-08 05:59:06'),
(45,	'197805222003122003',	'YELSUSI CITRA, S.Kom, MM',	'III/c',	18,	'',	'PNS',	'2',	'',	'L',	'',	'',	'profile-photos/user.png',	'2023-04-08 05:59:06',	'2023-04-08 05:59:06'),
(46,	'197709172007011026',	'IRWANTO FIRSADA S.Ag., M, Sos',	'III/c',	18,	'',	'PNS',	'2',	'',	'P',	'',	'',	'profile-photos/user.png',	'2023-04-08 05:59:06',	'2023-04-08 05:59:06'),
(47,	'198108092009011006',	'SYAIFUL, SHI',	'III/b',	18,	'',	'PNS',	'3',	'',	'L',	'',	'',	'profile-photos/user.png',	'2023-04-08 05:59:06',	'2023-04-08 05:59:06'),
(48,	'199211132020121011',	'BUDI MULIONO S.Sos',	'III/a',	18,	'',	'PNS',	'2',	'',	'L',	'',	'',	'profile-photos/user.png',	'2023-04-08 05:59:06',	'2023-04-08 05:59:06'),
(49,	'199502212020122029',	'NURHIDAYATI S.H',	'III/a',	24,	'',	'PNS',	'2',	'',	'P',	'',	'',	'profile-photos/user.png',	'2023-04-08 05:59:06',	'2023-04-08 05:59:06'),
(50,	'199703282020122024',	'MARTA YOLA ROZA S.Psi',	'III/a',	24,	'',	'PNS',	'2',	'',	'P',	'',	'',	'profile-photos/user.png',	'2023-04-08 05:59:06',	'2023-04-08 05:59:06'),
(51,	'197906032009012005',	'DERLINA, S.AP',	'IIc',	18,	'',	'PNS',	'2',	'',	'P',	'',	'',	'profile-photos/user.png',	'2023-04-08 05:59:06',	'2023-04-08 05:59:06'),
(52,	'196703031987031002',	'MULYONO, SE',	'IV/c',	13,	'',	'PNS',	'2',	'',	'L',	'',	'',	'profile-photos/user.png',	'2023-04-08 05:59:06',	'2023-04-08 05:59:06'),
(53,	'196803021989032008',	'YUMARI, SH.',	'IV/c',	13,	'',	'PNS',	'2',	'',	'P',	'',	'',	'profile-photos/user.png',	'2023-04-08 05:59:06',	'2023-04-08 05:59:06'),
(54,	'196711261989111001',	'AMRIZAL, S.E.',	'IV/a',	13,	'',	'PNS',	'2',	'',	'L',	'',	'',	'profile-photos/user.png',	'2023-04-08 05:59:06',	'2023-04-08 05:59:06'),
(55,	'197508171998031003',	'TAN GUSLI S.Fil.I., MAP., MA.',	'IV/a',	13,	'',	'PNS',	'2',	'',	'L',	'',	'',	'profile-photos/user.png',	'2023-04-08 05:59:06',	'2023-04-08 05:59:06'),
(56,	'196605191987031002',	'H. YOSHERMAN, SE.Akt',	'IV/a',	13,	'',	'PNS',	'2',	'',	'L',	'',	'',	'profile-photos/user.png',	'2023-04-08 05:59:06',	'2023-04-08 05:59:06'),
(57,	'198207012006042003',	'WISE HARUMI, SP., SHI.',	'III/d',	13,	'',	'PNS',	'2',	'',	'P',	'',	'',	'profile-photos/user.png',	'2023-04-08 05:59:06',	'2023-04-08 05:59:06'),
(58,	'197503312008012005',	'LOLY VOLIA, ST',	'III/d',	13,	'',	'PNS',	'2',	'',	'P',	'',	'',	'profile-photos/user.png',	'2023-04-08 05:59:06',	'2023-04-08 05:59:06'),
(59,	'196811292005011002',	'KHAIRULMEN, S.E',	'III/d',	13,	'',	'PNS',	'2',	'',	'L',	'',	'',	'profile-photos/user.png',	'2023-04-08 05:59:06',	'2023-04-08 05:59:06'),
(60,	'198004242008012020',	'WIDYA ASRIKA, S.Kom.',	'III/d',	13,	'',	'PNS',	'2',	'',	'P',	'',	'',	'profile-photos/user.png',	'2023-04-08 05:59:06',	'2023-04-08 05:59:06'),
(61,	'198205202009011014',	'MALVI ASRA VAN SURI, SE',	'III/d',	24,	'',	'PNS',	'2',	'',	'L',	'',	'',	'profile-photos/user.png',	'2023-04-08 05:59:06',	'2023-04-08 05:59:06'),
(62,	'199702202020122014',	'ELSA FEBRIANI S.Si',	'III/a',	24,	'',	'PNS',	'2',	'',	'P',	'',	'',	'profile-photos/user.png',	'2023-04-08 05:59:06',	'2023-04-08 05:59:06'),
(63,	'198503072006042010',	'WIRA MARDHIYAH, S.T., MM',	'III/d',	24,	NULL,	'PNS',	'5',	'123',	'P',	'wira@gmail.com',	'padang',	'profile-photos/user.png',	'2023-07-23 12:13:24',	'2023-07-23 05:13:24'),
(64,	'198110082007012016',	'VETHRIA RAHMI, S.Sos.I',	'III/c',	15,	'',	'PNS',	'4',	'',	'P',	'',	'',	'profile-photos/user.png',	'2023-04-08 05:59:06',	'2023-04-08 05:59:06'),
(65,	'198203092009011007',	'H RIZKI RONALDI, S.Kom',	'III/c',	24,	'',	'PNS',	'2',	'',	'L',	'',	'',	'profile-photos/user.png',	'2023-04-08 05:59:06',	'2023-04-08 05:59:06'),
(66,	'198003082011012005',	'LENI UMAR, S.E',	'III/c',	24,	'',	'PNS',	'2',	'',	'P',	'',	'',	'profile-photos/user.png',	'2023-04-08 05:59:06',	'2023-04-08 05:59:06'),
(67,	'197807302007011009',	'ERI GUSNEDI, S.Pd.',	'III/c',	15,	'',	'PNS',	'5',	'',	'L',	'',	'',	'profile-photos/user.png',	'2023-04-08 05:59:06',	'2023-04-08 05:59:06'),
(68,	'196601122014111004',	'JAMAAN, S.Ag',	'III/b',	24,	'',	'PNS',	'2',	'',	'L',	'',	'',	'profile-photos/user.png',	'2023-04-08 05:59:06',	'2023-04-08 05:59:06'),
(69,	'198512082005012001',	'FITRA DEWI, A.Md.',	'III/a',	24,	'',	'PNS',	'3',	'',	'P',	'',	'',	'profile-photos/user.png',	'2023-04-08 05:59:06',	'2023-04-08 05:59:06'),
(70,	'199301272020122012',	'MONA FILARDI S.Pd',	'III/a',	17,	'',	'PNS',	'2',	'',	'P',	'',	'',	'profile-photos/user.png',	'2023-04-08 05:59:06',	'2023-04-08 05:59:06'),
(71,	'199108222020122013',	'FAUZIAH S.AP',	'III/a',	24,	'',	'PNS',	'2',	'',	'P',	'',	'',	'profile-photos/user.png',	'2023-04-08 05:59:06',	'2023-04-08 05:59:06'),
(72,	'198808282020121011',	'M RIZKI AFDHAL S.Sos',	'III/a',	17,	'',	'PNS',	'2',	'',	'L',	'',	'',	'profile-photos/user.png',	'2023-04-08 05:59:06',	'2023-04-08 05:59:06'),
(73,	'199001292020122024',	'VIVI ARDI S.I.P',	'III/a',	17,	'',	'PNS',	'2',	'',	'P',	'',	'',	'profile-photos/user.png',	'2023-04-08 05:59:06',	'2023-04-08 05:59:06'),
(74,	'197107072009011008',	'ZULHENDRI',	'IIc',	24,	'',	'PNS',	'2',	'',	'L',	'',	'',	'profile-photos/user.png',	'2023-04-08 05:59:06',	'2023-04-08 05:59:06'),
(75,	'198006122014111002',	'TAUFIK HISMAR',	'II/b',	24,	'',	'PNS',	'2',	'',	'L',	'',	'',	'profile-photos/user.png',	'2023-04-08 05:59:06',	'2023-04-08 05:59:06'),
(76,	'197007301992031001',	'H. HENDRI PANI DIAS, S.Ag, M.A',	'IV/a',	3,	NULL,	'PNS',	'5',	'0',	'L',	'x',	'x',	'profile-photos/jJSyMZrMMyr5tUnLCkM2N8TJ8YfTNeoBH6NliFa4.png',	'2023-07-12 05:01:34',	'2023-07-11 22:01:34'),
(77,	'197404042002121006',	'MOFRI ANTONI, SE, MM',	'III/d',	18,	'',	'PNS',	'5',	'',	'L',	'',	'',	'profile-photos/user.png',	'2023-04-08 05:59:06',	'2023-04-08 05:59:06'),
(78,	'198506152009012016',	'ADE SILVIA, M.Kom',	'III/c',	12,	'',	'PNS',	'6',	'',	'P',	'',	'',	'profile-photos/user.png',	'2023-04-08 05:59:06',	'2023-04-08 05:59:06'),
(79,	'197704011997031002',	'H. AFRIZAL S.Pd.I, M.Si',	'IV/a',	23,	'',	'PNS',	'5',	'',	'L',	'',	'',	'profile-photos/user.png',	'2023-04-08 05:59:06',	'2023-04-08 05:59:06'),
(80,	'198006192005011006',	'ABDULLAH ALAMUDI, S.HI, M.Pd',	'IV/a',	24,	'',	'PNS',	'5',	'',	'L',	'',	'',	'profile-photos/user.png',	'2023-04-08 05:59:06',	'2023-04-08 05:59:06'),
(81,	'198510222008012002',	'RINI HARTATI S.E, Akt, M.M',	'III/d',	24,	'',	'PNS',	'2',	'',	'P',	'',	'',	'profile-photos/user.png',	'2023-04-08 05:59:06',	'2023-04-08 05:59:06'),
(82,	'197101021996031001',	'Dr. H. JHON OF RIEZAL ONE, S.Ag, M.A',	'IV/b',	18,	'',	'PNS',	'5',	'',	'L',	'',	'',	'profile-photos/user.png',	'2023-04-08 05:59:06',	'2023-04-08 05:59:06'),
(83,	'197008111990032001',	'MARIA ELIS SANDRAWITA, S.Ag., M.M',	'IV/a',	24,	'',	'PNS',	'5',	'',	'P',	'',	'',	'profile-photos/user.png',	'2023-04-08 05:59:06',	'2023-04-08 05:59:06'),
(84,	'198208102009011011',	'H. BENNY MALWA, S.Sos.I., M.Sos..',	'III/d',	24,	'',	'PNS',	'5',	'',	'L',	'',	'',	'profile-photos/user.png',	'2023-04-08 05:59:06',	'2023-04-08 05:59:06'),
(85,	'198211082011011009',	'NOVELIA MUSDA, SS',	'III/c',	24,	'',	'PNS',	'2',	'',	'L',	'',	'',	'profile-photos/user.png',	'2023-04-08 05:59:06',	'2023-04-08 05:59:06'),
(86,	'197005011993031002',	'ADRI KAMAL, ST.Arc',	'III/d',	24,	'',	'PNS',	'5',	'',	'L',	'',	'',	'profile-photos/user.png',	'2023-04-08 05:59:06',	'2023-04-08 05:59:06'),
(87,	'197709102007101001',	'FIRDAUS, S.HI',	'III/d',	24,	NULL,	'PNS',	'5',	'00',	'L',	'197709102007101001@kemenag.go.id',	'xxx',	'profile-photos/user.png',	'2023-07-17 01:09:18',	'2023-07-16 18:09:18'),
(88,	'198401202009011006',	'AHMAD NEGARA DALIMUNTHE, S.IP',	'III/c',	24,	'',	'PNS',	'5',	'',	'L',	'',	'',	'profile-photos/user.png',	'2023-04-08 05:59:06',	'2023-04-08 05:59:06'),
(89,	'198505212005011001',	'PUTRA INTAN RIKI FIRDAUS',	'II/d',	24,	'',	'PNS',	'5',	'',	'L',	'',	'',	'profile-photos/user.png',	'2023-04-08 05:59:06',	'2023-04-08 05:59:06'),
(90,	'197007061999031005',	'H. AMRIZAL, M.Ag',	'IV/a',	18,	'',	'PNS',	'4',	'',	'L',	'',	'',	'profile-photos/user.png',	'2023-04-08 05:59:06',	'2023-04-08 05:59:06'),
(91,	'197611252006041012',	'NOVE HENDRI, SE, MA, Akt, M.Pd.E',	'IV/a',	24,	NULL,	'PNS',	'5',	'c',	'L',	'c',	'c',	'profile-photos/2QULmMslkpskRZwIkCSN7dguXQVrIU7M46BA7JXW.png',	'2023-07-12 03:23:30',	'2023-07-11 20:23:30'),
(92,	'197910262008012011',	'HENDRA WENI S.KOM, MM',	'III/d',	24,	'',	'PNS',	'5',	'',	'P',	'',	'',	'profile-photos/user.png',	'2023-04-08 05:59:06',	'2023-04-08 05:59:06'),
(93,	'197508082009121001',	'JUMANUDIN, S.Kom',	'III/c',	12,	NULL,	'PNS',	'5',	'-',	'L',	'rakha.dj@gmail.com',	'bnu',	'profile-photos/aOg8MgfgtMqphhDOigs2Z9GF5q45gwrF3zOYVupC.jpg',	'2024-01-04 03:39:14',	'2024-01-03 20:39:14'),
(94,	'197805282002122003',	'METRA SURYATI, S.Ag.',	'III/d',	24,	'',	'PNS',	'5',	'',	'P',	'',	'',	'profile-photos/user.png',	'2023-04-08 05:59:06',	'2023-04-08 05:59:06'),
(95,	'197912252009011011',	'TASLIM PERDANA, S.Pd., M.Kom',	'III/d',	24,	'',	'PNS',	'5',	'',	'L',	'',	'',	'profile-photos/user.png',	'2023-04-08 05:59:06',	'2023-04-08 05:59:06'),
(96,	'198105312005011002',	'WELEN ASRO HENDRAWAN',	'II/d',	24,	'',	'PNS',	'5',	'',	'L',	'',	'',	'profile-photos/user.png',	'2023-04-08 05:59:06',	'2023-04-08 05:59:06'),
(97,	'198106122005012007',	'Dr. MUSLIMAH, S.Th.I., M.Ag.',	'IV/a',	16,	'',	'PNS',	'4',	'00',	'P',	'hj',	'xxx',	'profile-photos/user.png',	'2023-04-08 05:59:06',	'2023-04-08 05:59:06'),
(98,	'196512311994031009',	'Drs. NAHARUDIN',	'IV/a',	2,	'',	'PNS',	'4',	'',	'L',	'',	'',	'profile-photos/user.png',	'2023-04-08 05:59:06',	'2023-04-08 05:59:06'),
(99,	'196911021994031002',	'Drs. YOHANIS',	'III/d',	24,	'',	'PNS',	'4',	'',	'P',	'',	'',	'profile-photos/user.png',	'2023-04-08 05:59:06',	'2023-04-08 05:59:06'),
(100,	'198301282009011009',	'EFRIAN, M.Kom',	'III/d',	12,	'',	'PNS',	'4',	'',	'L',	'',	'',	'profile-photos/user.png',	'2023-04-08 05:59:06',	'2023-04-08 05:59:06'),
(101,	'198109232011011003',	'H. INDRA GUNAWAN S.H.I',	'III/c',	24,	NULL,	'PNS',	'4',	'082389400192',	'L',	'198109232011011003@kemenag.go.id',	'PADANG',	'profile-photos/user.png',	'2023-07-23 11:57:25',	'2023-07-23 04:57:25'),
(102,	'196803281990012001',	'Hj. AVERMELIA ARBAIN, S.AP',	'III/c',	24,	'',	'PNS',	'4',	'',	'P',	'',	'',	'profile-photos/user.png',	'2023-04-08 05:59:06',	'2023-04-08 05:59:06'),
(103,	'198112012003122002',	'RISMAWATI S.AP',	'III/a',	24,	'',	'PNS',	'4',	'',	'P',	'',	'',	'profile-photos/user.png',	'2023-04-08 05:59:06',	'2023-04-08 05:59:06'),
(104,	'197107041996031003',	'H. SAHRIZAL, S.Ag, M.M',	'IV/a',	23,	'',	'PNS',	'4',	'',	'L',	'',	'',	'profile-photos/user.png',	'2023-04-08 05:59:06',	'2023-04-08 05:59:06'),
(105,	'197211081993031004',	'H. NOVI ENDRA HELMI, SE',	'III/d',	2,	'',	'PNS',	'4',	'',	'L',	'',	'',	'profile-photos/user.png',	'2023-04-08 05:59:06',	'2023-04-08 05:59:06'),
(106,	'196605092007012030',	'Hj. SUKMAWATI, S.Ag',	'III/d',	2,	'',	'PNS',	'4',	'',	'P',	'',	'',	'profile-photos/user.png',	'2023-04-08 05:59:06',	'2023-04-08 05:59:06'),
(107,	'198105092009011007',	'AFRIZAL, S.HI',	'III/c',	24,	'',	'PNS',	'4',	'',	'L',	'',	'',	'profile-photos/user.png',	'2023-04-08 05:59:06',	'2023-04-08 05:59:06'),
(108,	'198712142011012010',	'FAUZIYAH, S.Th.I',	'III/c',	24,	'',	'PNS',	'4',	'',	'P',	'',	'',	'profile-photos/user.png',	'2023-04-08 05:59:06',	'2023-04-08 05:59:06'),
(109,	'197710092007101002',	'ALMUDASSIR, A.Ma.',	'IIc',	24,	'',	'PNS',	'4',	'',	'L',	'',	'',	'profile-photos/user.png',	'2023-04-08 05:59:06',	'2023-04-08 05:59:06'),
(110,	'198103042005012004',	'Hj FATMAWATI S.Sos., M.Si',	'III/c',	24,	'',	'PNS',	'4',	'',	'P',	'',	'',	'profile-photos/user.png',	'2023-04-08 05:59:06',	'2023-04-08 05:59:06'),
(111,	'198207152009011010',	'SOLMUS S.Th.I',	'III/c',	24,	'',	'PNS',	'4',	'',	'L',	'',	'',	'profile-photos/user.png',	'2023-04-08 05:59:06',	'2023-04-08 05:59:06'),
(112,	'196612161993031002',	'Drs. H. RAMZA HUSMEN, M. Pd',	'IV/b',	5,	'',	'PNS',	'6',	'',	'L',	'',	'',	'profile-photos/user.png',	'2023-04-08 05:59:06',	'2023-04-08 05:59:06'),
(113,	'198204282008011007',	'H. YUDI HIDAYAT, S.T, M.M',	'III/c',	12,	'',	'PNS',	'6',	'',	'L',	'',	'',	'profile-photos/user.png',	'2023-04-08 05:59:06',	'2023-04-08 05:59:06'),
(114,	'197907132009101005',	'JULFRIADI, A.Md',	'III/a',	24,	'',	'PNS',	'6',	'',	'L',	'',	'',	'profile-photos/user.png',	'2023-04-08 05:59:06',	'2023-04-08 05:59:06'),
(115,	'197404212003121005',	'H. USWATMAN S.Ag, M.M',	'IV/a',	17,	'',	'PNS',	'6',	'',	'L',	'',	'',	'profile-photos/user.png',	'2023-04-08 05:59:06',	'2023-04-08 05:59:06'),
(116,	'197807292009011005',	'H. INDRANEDI SH',	'III/c',	24,	'',	'PNS',	'6',	'',	'L',	'',	'',	'profile-photos/user.png',	'2023-04-08 05:59:06',	'2023-04-08 05:59:06'),
(117,	'197106271998032001',	'ERNAWATI',	'III/b',	24,	'',	'PNS',	'6',	'',	'P',	'',	'',	'profile-photos/user.png',	'2023-04-08 05:59:06',	'2023-04-08 05:59:06'),
(118,	'198012222005011001',	'H. ULIL AMRI, S.H.I, M.A',	'IV/a',	24,	'',	'PNS',	'6',	'',	'L',	'',	'',	'profile-photos/user.png',	'2023-04-08 05:59:06',	'2023-04-08 05:59:06'),
(119,	'197306172003121003',	'DELFISMAN, S.Kom',	'III/d',	5,	'',	'PNS',	'6',	'',	'L',	'',	'',	'profile-photos/user.png',	'2023-04-08 05:59:06',	'2023-04-08 05:59:06'),
(120,	'198111182006041018',	'H. HAMI MULYAWAN, S.HI, MM',	'IV/a',	30,	'',	'PNS',	'5',	'',	'L',	'',	'',	'profile-photos/user.png',	'2023-04-08 05:59:06',	'2023-04-08 05:59:06'),
(121,	'197003042003121002',	'ZULFARISWAN S.Sos',	'III/c',	24,	'',	'PNS',	'6',	'',	'L',	'',	'',	'profile-photos/user.png',	'2023-04-08 05:59:06',	'2023-04-08 05:59:06'),
(122,	'197602102007101001',	'H. HIDAYAT DS, S.Ag, M.H',	'III/d',	24,	'',	'PNS',	'6',	'',	'L',	'',	'',	'profile-photos/user.png',	'2023-04-08 05:59:06',	'2023-04-08 05:59:06'),
(123,	'197101092010011003',	'BESRIZAL, S.E',	'III/d',	24,	'',	'PNS',	'6',	'',	'L',	'',	'',	'profile-photos/user.png',	'2023-04-08 05:59:06',	'2023-04-08 05:59:06'),
(124,	'198303092014112003',	'VONI KURNIAWATI, S.S.',	'III/a',	5,	'',	'PNS',	'6',	'',	'P',	'',	'',	'profile-photos/user.png',	'2023-04-08 05:59:06',	'2023-04-08 05:59:06'),
(125,	'197611122009011003',	'HENDRI NOFRIZAL',	'II/d',	24,	'',	'PNS',	'6',	'',	'L',	'',	'',	'profile-photos/user.png',	'2023-04-08 05:59:06',	'2023-04-08 05:59:06'),
(126,	'196702151994031001',	'Drs. H. ZILWADI',	'III/d',	24,	'',	'PNS',	'6',	'',	'L',	'',	'',	'profile-photos/user.png',	'2023-04-08 05:59:06',	'2023-04-08 05:59:06'),
(127,	'196503031993031001',	'H. DAFRIL S.Ag',	'III/d',	24,	'',	'PNS',	'6',	'',	'L',	'',	'',	'profile-photos/user.png',	'2023-04-08 05:59:06',	'2023-04-08 05:59:06'),
(128,	'197010142006042001',	'Hj. RINA ELFIZA, SH',	'III/d',	24,	'',	'PNS',	'6',	'',	'P',	'',	'',	'profile-photos/user.png',	'2023-04-08 05:59:06',	'2023-04-08 05:59:06'),
(129,	'197603051997031003',	'H. EDISON, M.Ag',	'IV/b',	7,	NULL,	'PNS',	'7',	'-',	'L',	'x',	'x',	'profile-photos/user.png',	'2023-07-18 03:41:50',	'2023-07-17 20:41:50'),
(130,	'197605012007102003',	'MAICENDRAWATI, S.Ag., M.Hum',	'IV/a',	24,	'',	'PNS',	'7',	'',	'P',	'',	'',	'profile-photos/user.png',	'2023-04-08 05:59:06',	'2023-04-08 05:59:06'),
(131,	'198001052005011004',	'JANUAR SH',	'III/c',	22,	'',	'PNS',	'2',	'',	'L',	'',	'',	'profile-photos/user.png',	'2023-04-08 05:59:06',	'2023-04-08 05:59:06'),
(132,	'198512102009102001',	'Hj. ELVIRA HAYU S.Kom, M.M',	'III/c',	12,	'',	'PNS',	'7',	'',	'P',	'',	'',	'profile-photos/user.png',	'2023-04-08 05:59:06',	'2023-04-08 05:59:06'),
(133,	'197407271994031002',	'YUSDAH RIFAN, SH',	'III/a',	24,	'',	'PNS',	'2',	'',	'L',	'',	'',	'profile-photos/user.png',	'2023-04-08 05:59:06',	'2023-04-08 05:59:06'),
(134,	'197503032005011007',	'H. SYAFALMART, S,Ag',	'III/d',	21,	'',	'PNS',	'7',	'',	'L',	'',	'',	'profile-photos/user.png',	'2023-04-08 05:59:06',	'2023-04-08 05:59:06'),
(135,	'197604012011011005',	'AHMAD MUZAMI S.Ag, M.H',	'III/d',	24,	'',	'PNS',	'2',	'',	'L',	'',	'',	'profile-photos/user.png',	'2023-04-08 05:59:06',	'2023-04-08 05:59:06'),
(136,	'198006192009011002',	'JONIFER ARA, S.HI',	'III/d',	24,	'',	'PNS',	'7',	'',	'L',	'',	'',	'profile-photos/user.png',	'2023-04-08 05:59:06',	'2023-04-08 05:59:06'),
(137,	'197112251998031004',	'YOSEF CHAIRUL, S.AG',	'III/d',	24,	'',	'PNS',	'7',	'',	'L',	'',	'',	'profile-photos/user.png',	'2023-04-08 05:59:06',	'2023-04-08 05:59:06'),
(138,	'198205182005012004',	'ELFIDA TRISNA S.Farm',	'III/c',	24,	'',	'PNS',	'7',	'',	'P',	'',	'',	'profile-photos/user.png',	'2023-04-08 05:59:06',	'2023-04-08 05:59:06'),
(139,	'197007122014111005',	'JASRIAL',	'III/a',	24,	'',	'PNS',	'7',	'',	'L',	'',	'',	'profile-photos/user.png',	'2023-04-08 05:59:06',	'2023-04-08 05:59:06'),
(140,	'197710102003121002',	'Dr. IKRAR ABDI, S.Ag, M.A',	'IV/a',	24,	'',	'PNS',	'7',	'',	'L',	'',	'',	'profile-photos/user.png',	'2023-04-08 05:59:06',	'2023-04-08 05:59:06'),
(141,	'198008182008011008',	'IHSANUL FIKRI SHI',	'III/d',	24,	'',	'PNS',	'7',	'',	'L',	'',	'',	'profile-photos/user.png',	'2023-04-08 05:59:06',	'2023-04-08 05:59:06'),
(142,	'198703192011012018',	'PERTIWI IMMAWATI, SE',	'III/c',	24,	'',	'PNS',	'7',	'',	'P',	'',	'',	'profile-photos/user.png',	'2023-04-08 05:59:06',	'2023-04-08 05:59:06'),
(143,	'197205071998031002',	'Dr. H. YASRIL, S.Ag, M.A',	'IV/b',	16,	'',	'PNS',	'7',	'00',	'L',	'hji',	'JL.',	'profile-photos/user.png',	'2023-04-08 05:59:06',	'2023-04-08 05:59:06'),
(144,	'198210032006041003',	'BUDI RIVA, S.Sos.I., M.Sos',	'IV/a',	24,	'',	'PNS',	'7',	'',	'L',	'',	'',	'profile-photos/user.png',	'2023-04-08 05:59:06',	'2023-04-08 05:59:06'),
(145,	'198404302011012013',	'AFRIDA SUSANTY, S.E',	'III/c',	17,	'',	'PNS',	'7',	'',	'P',	'',	'',	'profile-photos/user.png',	'2023-04-08 05:59:06',	'2023-04-08 05:59:06'),
(146,	'196902272014111002',	'ZUL AZMI',	'II/b',	24,	'',	'PNS',	'2',	'',	'L',	'',	'',	'profile-photos/user.png',	'2023-04-08 05:59:06',	'2023-04-08 05:59:06'),
(147,	'197206262000031004',	'H. YUFRIZAL, S.Ag. M.H.I',	'IV/b',	4,	'',	'PNS',	'3',	'',	'L',	'',	'',	'profile-photos/user.png',	'2023-04-08 05:59:06',	'2023-04-08 05:59:06'),
(148,	'198502042011012006',	'VINA JAMILA KINTA, S.Kom., M.CIO',	'III/c',	12,	'',	'PNS',	'2',	'',	'P',	'',	'',	'profile-photos/user.png',	'2023-04-08 05:59:06',	'2023-04-08 05:59:06'),
(149,	'197210272006042020',	'ASMI YARNI AGUS S.AP',	'III/a',	24,	'',	'PNS',	'3',	'',	'P',	'',	'',	'profile-photos/user.png',	'2023-04-08 05:59:06',	'2023-04-08 05:59:06'),
(150,	'197902282003121002',	'H. THOMAS FEBRIA, S.Ag, M.A',	'IV/a',	14,	'',	'PNS',	'3',	'',	'L',	'',	'',	'profile-photos/user.png',	'2023-04-08 05:59:06',	'2023-04-08 05:59:06'),
(151,	'198009232005011002',	'H. ALFAJRI, SHI, MA',	'IV/a',	24,	'',	'PNS',	'3',	'',	'L',	'',	'',	'profile-photos/user.png',	'2023-04-08 05:59:06',	'2023-04-08 05:59:06'),
(152,	'198410302009012010',	'EZA FAUZANA, S.Kom',	'III/d',	24,	'',	'PNS',	'3',	'',	'P',	'',	'',	'profile-photos/user.png',	'2023-04-08 05:59:06',	'2023-04-08 05:59:06'),
(153,	'196505112014111002',	'PARLAUNGAN, S.Ag, M.A',	'III/c',	14,	'',	'PNS',	'3',	'',	'L',	'',	'',	'profile-photos/user.png',	'2023-04-08 05:59:06',	'2023-04-08 05:59:06'),
(154,	'197505072014111003',	'ABADI, S.Sos.I., M.A',	'III/c',	14,	'',	'PNS',	'3',	'',	'L',	'',	'',	'profile-photos/user.png',	'2023-04-08 05:59:06',	'2023-04-08 05:59:06'),
(155,	'197607052014112002',	'YULIASNI, S.Ag. M.Sos',	'III/c',	14,	'',	'PNS',	'3',	'',	'P',	'',	'',	'profile-photos/user.png',	'2023-04-08 05:59:06',	'2023-04-08 05:59:06'),
(156,	'197112232014112002',	'RENI HASRIN RH, S.Ag, M.A',	'III/c',	14,	'',	'PNS',	'3',	'',	'P',	'',	'',	'profile-photos/user.png',	'2023-04-08 05:59:06',	'2023-04-08 05:59:06'),
(157,	'197804032014111002',	'SYAIFUDDIN ZUHRI DAULAY, S.Ag, M.A',	'III/c',	14,	'',	'PNS',	'3',	'',	'L',	'',	'',	'profile-photos/user.png',	'2023-04-08 05:59:06',	'2023-04-08 05:59:06'),
(158,	'196805102014111004',	'BAKRI, S.I.Q,S.Th.I.M.Pd.I',	'III/c',	4,	'',	'PNS',	'3',	'',	'L',	'',	'',	'profile-photos/user.png',	'2023-04-08 05:59:06',	'2023-04-08 05:59:06'),
(159,	'196902252014112001',	'ELLIZA, S.Ag',	'III/c',	14,	'',	'PNS',	'3',	'',	'P',	'',	'',	'profile-photos/user.png',	'2023-04-08 05:59:06',	'2023-04-08 05:59:06'),
(160,	'197706102014111001',	'IRWANDI, M.Pd',	'III/c',	14,	'',	'PNS',	'3',	'',	'L',	'',	'',	'profile-photos/user.png',	'2023-04-08 05:59:06',	'2023-04-08 05:59:06'),
(161,	'196909162014112001',	'SYAFRIDA, S.Ag',	'III/c',	14,	'',	'PNS',	'3',	'',	'P',	'',	'',	'profile-photos/user.png',	'2023-04-08 05:59:06',	'2023-04-08 05:59:06'),
(162,	'196910042014112001',	'NURLIANI, S.Ag',	'III/c',	14,	'',	'PNS',	'3',	'',	'P',	'',	'',	'profile-photos/user.png',	'2023-04-08 05:59:06',	'2023-04-08 05:59:06'),
(163,	'196812312014111042',	'RAFLIS S.Ag',	'III/c',	14,	'',	'PNS',	'3',	'',	'L',	'',	'',	'profile-photos/user.png',	'2023-04-08 05:59:06',	'2023-04-08 05:59:06'),
(164,	'197007052014111002',	'DASRIAL, S.Ag',	'III/c',	24,	'',	'PNS',	'3',	'',	'L',	'',	'',	'profile-photos/user.png',	'2023-04-08 05:59:06',	'2023-04-08 05:59:06'),
(165,	'197106102014112003',	'ANITA SOFIA, S.Ag',	'III/c',	14,	'',	'PNS',	'3',	'',	'P',	'',	'',	'profile-photos/user.png',	'2023-04-08 05:59:06',	'2023-04-08 05:59:06'),
(166,	'196509032014111001',	'LUKMAN, S.Ag',	'III/c',	14,	'',	'PNS',	'3',	'',	'L',	'',	'',	'profile-photos/user.png',	'2023-04-08 05:59:06',	'2023-04-08 05:59:06'),
(167,	'196902242014111003',	'HALIMUL HAKIM, S.Ag',	'III/c',	14,	'',	'PNS',	'3',	'',	'L',	'',	'',	'profile-photos/user.png',	'2023-04-08 05:59:06',	'2023-04-08 05:59:06'),
(168,	'198206032014111001',	'HENDRA S.Pd.I., M.A',	'III/b',	14,	'',	'PNS',	'3',	'',	'L',	'',	'',	'profile-photos/user.png',	'2023-04-08 05:59:06',	'2023-04-08 05:59:06'),
(169,	'198402022014111004',	'MAIRONI SHI',	'III/b',	14,	'',	'PNS',	'3',	'',	'L',	'',	'',	'profile-photos/user.png',	'2023-04-08 05:59:06',	'2023-04-08 05:59:06'),
(170,	'197401212014111002',	'IDRIL ISHAK RAMBE S.Pd.I',	'III/b',	14,	'',	'PNS',	'3',	'',	'L',	'',	'',	'profile-photos/user.png',	'2023-04-08 05:59:06',	'2023-04-08 05:59:06'),
(171,	'197005062014111002',	'MUHAMMAD ZULKHAIR S.Ag',	'III/a',	14,	'',	'PNS',	'3',	'',	'L',	'',	'',	'profile-photos/user.png',	'2023-04-08 05:59:06',	'2023-04-08 05:59:06'),
(172,	'197208152014111001',	'HERIADI S.Pd.I',	'IIc',	4,	'',	'PNS',	'3',	'',	'L',	'',	'',	'profile-photos/user.png',	'2023-04-08 05:59:06',	'2023-04-08 05:59:06'),
(173,	'196609152014111003',	'DASRIL',	'IIc',	14,	'',	'PNS',	'3',	'',	'L',	'',	'',	'profile-photos/user.png',	'2023-04-08 05:59:06',	'2023-04-08 05:59:06'),
(174,	'197010111996031001',	'H. EFI YOSKAR, S.Ag., M.M',	'IV/a',	21,	'',	'PNS',	'6',	'',	'L',	'',	'',	'profile-photos/user.png',	'2023-04-08 05:59:06',	'2023-04-08 05:59:06'),
(175,	'196508151989031004',	'H. NASRUL',	'III/b',	24,	'',	'PNS',	'3',	'',	'L',	'',	'',	'profile-photos/user.png',	'2023-04-08 05:59:06',	'2023-04-08 05:59:06'),
(176,	'196503041986031005',	'H. SUTARNO',	'III/b',	24,	'',	'PNS',	'3',	'',	'L',	'',	'',	'profile-photos/user.png',	'2023-04-08 05:59:06',	'2023-04-08 05:59:06'),
(177,	'197011251998031002',	'H. YUSRAN LUBIS S.Ag, M.Pd',	'IV/a',	20,	'',	'PNS',	'7',	'',	'L',	'',	'',	'profile-photos/user.png',	'2023-04-08 05:59:06',	'2023-04-08 05:59:06'),
(178,	'197608062011012002',	'NETTI, S.Ag. M.H',	'III/d',	24,	'',	'PNS',	'2',	'',	'P',	'',	'',	'profile-photos/user.png',	'2023-04-08 05:59:06',	'2023-04-08 05:59:06'),
(179,	'197406151998031003',	'H. M. RIFKI, M.Ag',	'IV/a',	16,	'',	'PNS',	'6',	'',	'L',	'',	'',	'profile-photos/user.png',	'2023-04-08 05:59:06',	'2023-04-08 05:59:06'),
(180,	'198606222011011008',	'ARIF FAJRI, SE., MA.',	'III/c',	24,	'',	'PNS',	'3',	'',	'L',	'',	'',	'profile-photos/user.png',	'2023-04-08 05:59:06',	'2023-04-08 05:59:06'),
(181,	'198301042014111002',	'RIFKI RUSYDI, S.H.',	'III/a',	24,	'',	'PNS',	'3',	'',	'L',	'',	'',	'profile-photos/user.png',	'2023-04-08 05:59:06',	'2023-04-08 05:59:06'),
(182,	'197602072000031001',	'YESRI ELFIS HASUGIAN, S. Th',	'IV/a',	11,	'',	'PNS',	'11',	'',	'L',	'',	'',	'profile-photos/user.png',	'2023-04-08 05:59:06',	'2023-04-08 05:59:06'),
(183,	'196507082000032001',	'HENNY SIMARMATA, S.PAK',	'III/d',	24,	'',	'PNS',	'11',	'',	'P',	'',	'',	'profile-photos/user.png',	'2023-04-08 05:59:06',	'2023-04-08 05:59:06'),
(184,	'196807132000032002',	'ROSLINA SITUMORANG',	'III/b',	24,	'',	'PNS',	'11',	'',	'P',	'',	'',	'profile-photos/user.png',	'2023-04-08 05:59:06',	'2023-04-08 05:59:06'),
(185,	'196709032003022001',	'LIRMANI RAJAGUKGUK',	'III/a',	24,	'',	'PNS',	'11',	'',	'P',	'',	'',	'profile-photos/user.png',	'2023-04-08 05:59:06',	'2023-04-08 05:59:06'),
(186,	'197103112003121003',	'HERU ASMORO, S.Ag',	'IV/c',	2,	NULL,	'PNS',	'10',	'xxxx',	'L',	'197103112003121003@kemenag.go.id',	'xxx',	'profile-photos/user.png',	'2023-07-17 06:02:21',	'2023-07-16 23:02:21'),
(187,	'197207012001121004',	'HENRIKUS JOMI, S.Ag, MM',	'IV/a',	10,	'',	'PNS',	'10',	'',	'L',	'',	'',	'profile-photos/user.png',	'2023-04-08 05:59:06',	'2023-04-08 05:59:06'),
(188,	'197002281999031001',	'FAJAR CAHYONO SS',	'III/d',	24,	'',	'PNS',	'10',	'',	'L',	'',	'',	'profile-photos/user.png',	'2023-04-08 05:59:06',	'2023-04-08 05:59:06'),
(189,	'197802242003121001',	'JUMADI, S.Ag., M.Psi',	'IV/a',	28,	'',	'PNS',	'9',	'',	'L',	'',	'',	'profile-photos/user.png',	'2023-04-08 05:59:06',	'2023-04-08 05:59:06'),
(191,	'197006042003121003',	'SUMARDI',	'III/a',	24,	'',	'PNS',	'8',	'',	'L',	'',	'',	'profile-photos/user.png',	'2023-04-08 05:59:06',	'2023-04-08 05:59:06'),
(192,	'197106041999031003',	'MURYADI EKO PRIYANTO. SE.,M.M',	'IV/b',	29,	'',	'PNS',	'8',	'',	'L',	'',	'',	'profile-photos/user.png',	'2023-04-08 05:59:06',	'2023-04-08 05:59:06'),
(193,	'198907022022031001',	'DAMANG SUMEDI S.Pd.B',	'III/a',	14,	'',	'PNS',	'8',	'',	'L',	'',	'',	'profile-photos/user.png',	'2023-04-08 05:59:06',	'2023-04-08 05:59:06');

DROP TABLE IF EXISTS `pejabat`;
CREATE TABLE `pejabat` (
  `id` int(11) NOT NULL AUTO_INCREMENT,
  PRIMARY KEY (`id`)
) ENGINE=InnoDB DEFAULT CHARSET=latin1 COLLATE=latin1_swedish_ci;


DROP TABLE IF EXISTS `personal_access_tokens`;
CREATE TABLE `personal_access_tokens` (
  `id` bigint(20) unsigned NOT NULL AUTO_INCREMENT,
  `tokenable_type` varchar(191) NOT NULL,
  `tokenable_id` bigint(20) unsigned NOT NULL,
  `name` varchar(191) NOT NULL,
  `token` varchar(64) NOT NULL,
  `abilities` text DEFAULT NULL,
  `last_used_at` timestamp NULL DEFAULT NULL,
  `created_at` timestamp NULL DEFAULT NULL,
  `updated_at` timestamp NULL DEFAULT NULL,
  PRIMARY KEY (`id`),
  UNIQUE KEY `personal_access_tokens_token_unique` (`token`),
  KEY `personal_access_tokens_tokenable_type_tokenable_id_index` (`tokenable_type`,`tokenable_id`)
) ENGINE=InnoDB DEFAULT CHARSET=utf8mb4 COLLATE=utf8mb4_unicode_ci;


DROP TABLE IF EXISTS `role_permission`;
CREATE TABLE `role_permission` (
  `id_role` int(10) unsigned NOT NULL,
  `id_modul` int(10) unsigned NOT NULL,
  `l` tinyint(1) NOT NULL DEFAULT 0,
  `d` tinyint(1) NOT NULL DEFAULT 0,
  `t` tinyint(1) NOT NULL DEFAULT 0,
  `u` tinyint(1) NOT NULL DEFAULT 0,
  `h` tinyint(1) NOT NULL DEFAULT 0,
  `created_at` timestamp NULL DEFAULT current_timestamp(),
  `updated_at` timestamp NULL DEFAULT current_timestamp(),
  KEY `role_user_id_role_foreign` (`id_role`) USING BTREE,
  KEY `modul_id_modul_foreign` (`id_modul`) USING BTREE,
  CONSTRAINT `level_akses_id_level_foreign` FOREIGN KEY (`id_role`) REFERENCES `role_user` (`id`) ON DELETE CASCADE ON UPDATE CASCADE,
  CONSTRAINT `level_akses_id_modul_foreign` FOREIGN KEY (`id_modul`) REFERENCES `modul` (`id`) ON DELETE CASCADE ON UPDATE CASCADE
) ENGINE=InnoDB DEFAULT CHARSET=utf8mb4 COLLATE=utf8mb4_unicode_ci;

INSERT INTO `role_permission` (`id_role`, `id_modul`, `l`, `d`, `t`, `u`, `h`, `created_at`, `updated_at`) VALUES
(5,	1,	0,	0,	0,	0,	0,	'2023-05-09 09:57:18',	'2023-05-09 09:57:18'),
(5,	2,	0,	0,	0,	0,	0,	'2023-05-09 09:57:18',	'2023-05-09 09:57:18'),
(5,	3,	0,	0,	0,	0,	0,	'2023-05-09 09:57:18',	'2023-05-09 09:57:18'),
(5,	4,	0,	0,	0,	0,	0,	'2023-05-09 09:57:18',	'2023-05-09 09:57:18'),
(5,	5,	0,	0,	0,	0,	0,	'2023-05-09 09:57:18',	'2023-05-09 09:57:18'),
(5,	6,	0,	0,	0,	0,	0,	'2023-05-09 09:57:18',	'2023-05-09 09:57:18'),
(5,	7,	0,	0,	0,	0,	0,	'2023-05-09 09:57:18',	'2023-05-09 09:57:18'),
(5,	8,	0,	0,	0,	0,	0,	'2023-05-09 09:57:18',	'2023-05-09 09:57:18'),
(5,	9,	0,	0,	0,	0,	0,	'2023-05-09 09:57:18',	'2023-05-09 09:57:18'),
(5,	10,	0,	0,	0,	0,	0,	'2023-05-09 09:57:18',	'2023-05-09 09:57:18'),
(5,	15,	0,	0,	0,	0,	0,	'2023-05-09 09:57:18',	'2023-05-09 09:57:18'),
(5,	17,	0,	0,	0,	0,	0,	'2023-05-09 09:57:18',	'2023-05-09 09:57:18'),
(5,	26,	0,	0,	0,	0,	0,	'2023-05-09 09:57:18',	'2023-05-09 09:57:18'),
(5,	11,	0,	0,	0,	0,	0,	'2023-07-21 01:09:04',	'2023-07-21 01:09:04'),
(3,	1,	0,	0,	0,	0,	0,	'2023-09-12 18:36:46',	'2023-09-12 18:36:46'),
(3,	2,	0,	0,	0,	0,	0,	'2023-09-12 18:36:46',	'2023-09-12 18:36:46'),
(3,	3,	0,	0,	0,	0,	0,	'2023-09-12 18:36:46',	'2023-09-12 18:36:46'),
(3,	4,	0,	0,	0,	0,	0,	'2023-09-12 18:36:46',	'2023-09-12 18:36:46'),
(3,	5,	0,	0,	0,	0,	0,	'2023-09-12 18:36:46',	'2023-09-12 18:36:46'),
(3,	6,	0,	0,	0,	0,	0,	'2023-09-12 18:36:46',	'2023-09-12 18:36:46'),
(3,	7,	1,	1,	1,	1,	1,	'2023-09-12 18:36:46',	'2023-09-12 18:36:46'),
(3,	8,	1,	1,	1,	1,	1,	'2023-09-12 18:36:46',	'2023-09-12 18:36:46'),
(3,	9,	1,	1,	1,	1,	1,	'2023-09-12 18:36:46',	'2023-09-12 18:36:46'),
(3,	10,	0,	0,	0,	0,	0,	'2023-09-12 18:36:46',	'2023-09-12 18:36:46'),
(3,	11,	0,	0,	0,	0,	0,	'2023-09-12 18:36:46',	'2023-09-12 18:36:46'),
(3,	12,	1,	1,	0,	0,	0,	'2023-09-12 18:36:46',	'2023-09-12 18:36:46'),
(3,	15,	1,	1,	1,	1,	1,	'2023-09-12 18:36:46',	'2023-09-12 18:36:46'),
(3,	17,	0,	0,	0,	0,	0,	'2023-09-12 18:36:46',	'2023-09-12 18:36:46'),
(3,	26,	0,	0,	0,	0,	0,	'2023-09-12 18:36:46',	'2023-09-12 18:36:46'),
(4,	1,	0,	0,	0,	0,	0,	'2024-01-04 00:55:24',	'2024-01-04 00:55:24'),
(4,	2,	1,	1,	1,	1,	1,	'2024-01-04 00:55:24',	'2024-01-04 00:55:24'),
(4,	3,	0,	0,	0,	0,	0,	'2024-01-04 00:55:24',	'2024-01-04 00:55:24'),
(4,	4,	1,	1,	1,	1,	1,	'2024-01-04 00:55:24',	'2024-01-04 00:55:24'),
(4,	5,	0,	0,	0,	0,	0,	'2024-01-04 00:55:24',	'2024-01-04 00:55:24'),
(4,	6,	1,	1,	1,	1,	1,	'2024-01-04 00:55:24',	'2024-01-04 00:55:24'),
(4,	7,	1,	1,	1,	1,	1,	'2024-01-04 00:55:24',	'2024-01-04 00:55:24'),
(4,	8,	1,	1,	1,	1,	1,	'2024-01-04 00:55:25',	'2024-01-04 00:55:25'),
(4,	9,	1,	1,	1,	1,	1,	'2024-01-04 00:55:25',	'2024-01-04 00:55:25'),
(4,	10,	0,	0,	0,	0,	0,	'2024-01-04 00:55:25',	'2024-01-04 00:55:25'),
(4,	11,	1,	1,	1,	1,	1,	'2024-01-04 00:55:25',	'2024-01-04 00:55:25'),
(4,	12,	1,	1,	1,	1,	1,	'2024-01-04 00:55:25',	'2024-01-04 00:55:25'),
(4,	13,	1,	1,	1,	1,	1,	'2024-01-04 00:55:25',	'2024-01-04 00:55:25'),
(4,	14,	0,	0,	0,	0,	0,	'2024-01-04 00:55:25',	'2024-01-04 00:55:25'),
(4,	15,	0,	0,	0,	0,	0,	'2024-01-04 00:55:25',	'2024-01-04 00:55:25'),
(4,	16,	1,	1,	1,	1,	1,	'2024-01-04 00:55:25',	'2024-01-04 00:55:25'),
(4,	17,	0,	0,	0,	0,	0,	'2024-01-04 00:55:25',	'2024-01-04 00:55:25'),
(4,	26,	1,	1,	1,	1,	1,	'2024-01-04 00:55:25',	'2024-01-04 00:55:25'),
(2,	1,	0,	0,	0,	0,	0,	'2024-02-04 02:29:35',	'2024-02-04 02:29:35'),
(2,	2,	0,	0,	0,	0,	0,	'2024-02-04 02:29:35',	'2024-02-04 02:29:35'),
(2,	3,	0,	0,	0,	0,	0,	'2024-02-04 02:29:35',	'2024-02-04 02:29:35'),
(2,	4,	0,	0,	0,	0,	0,	'2024-02-04 02:29:35',	'2024-02-04 02:29:35'),
(2,	5,	0,	0,	0,	0,	0,	'2024-02-04 02:29:35',	'2024-02-04 02:29:35'),
(2,	6,	0,	0,	0,	0,	0,	'2024-02-04 02:29:35',	'2024-02-04 02:29:35'),
(2,	7,	1,	1,	1,	1,	1,	'2024-02-04 02:29:35',	'2024-02-04 02:29:35'),
(2,	8,	1,	1,	1,	1,	1,	'2024-02-04 02:29:35',	'2024-02-04 02:29:35'),
(2,	9,	1,	1,	1,	1,	1,	'2024-02-04 02:29:35',	'2024-02-04 02:29:35'),
(2,	10,	0,	0,	0,	0,	0,	'2024-02-04 02:29:35',	'2024-02-04 02:29:35'),
(2,	11,	0,	0,	0,	0,	0,	'2024-02-04 02:29:36',	'2024-02-04 02:29:36'),
(2,	12,	1,	1,	1,	1,	1,	'2024-02-04 02:29:36',	'2024-02-04 02:29:36'),
(2,	13,	0,	0,	0,	0,	0,	'2024-02-04 02:29:36',	'2024-02-04 02:29:36'),
(2,	14,	0,	0,	0,	0,	0,	'2024-02-04 02:29:36',	'2024-02-04 02:29:36'),
(2,	15,	0,	0,	0,	0,	0,	'2024-02-04 02:29:36',	'2024-02-04 02:29:36'),
(2,	16,	0,	0,	0,	0,	0,	'2024-02-04 02:29:36',	'2024-02-04 02:29:36'),
(2,	17,	1,	1,	1,	1,	1,	'2024-02-04 02:29:36',	'2024-02-04 02:29:36'),
(2,	26,	1,	1,	1,	1,	1,	'2024-02-04 02:29:36',	'2024-02-04 02:29:36'),
(5,	12,	0,	0,	0,	0,	0,	'2024-02-04 02:30:17',	'2024-02-04 02:30:17'),
(5,	13,	0,	0,	0,	0,	0,	'2024-02-04 02:30:17',	'2024-02-04 02:30:17'),
(5,	14,	0,	0,	0,	0,	0,	'2024-02-04 02:30:17',	'2024-02-04 02:30:17'),
(5,	16,	0,	0,	0,	0,	0,	'2024-02-04 02:30:17',	'2024-02-04 02:30:17'),
(1,	1,	1,	1,	1,	1,	1,	'2024-02-04 02:39:30',	'2024-02-04 02:39:30'),
(1,	2,	1,	1,	1,	1,	1,	'2024-02-04 02:39:30',	'2024-02-04 02:39:30'),
(1,	3,	1,	1,	1,	1,	1,	'2024-02-04 02:39:30',	'2024-02-04 02:39:30'),
(1,	4,	1,	1,	1,	1,	1,	'2024-02-04 02:39:30',	'2024-02-04 02:39:30'),
(1,	5,	1,	1,	1,	1,	1,	'2024-02-04 02:39:30',	'2024-02-04 02:39:30'),
(1,	6,	1,	1,	1,	1,	1,	'2024-02-04 02:39:31',	'2024-02-04 02:39:31'),
(1,	7,	1,	1,	1,	1,	1,	'2024-02-04 02:39:31',	'2024-02-04 02:39:31'),
(1,	8,	1,	1,	1,	1,	1,	'2024-02-04 02:39:31',	'2024-02-04 02:39:31'),
(1,	9,	1,	1,	1,	1,	1,	'2024-02-04 02:39:31',	'2024-02-04 02:39:31'),
(1,	10,	1,	1,	1,	1,	1,	'2024-02-04 02:39:31',	'2024-02-04 02:39:31'),
(1,	11,	1,	1,	1,	1,	1,	'2024-02-04 02:39:31',	'2024-02-04 02:39:31'),
(1,	12,	1,	1,	1,	1,	1,	'2024-02-04 02:39:31',	'2024-02-04 02:39:31'),
(1,	13,	1,	1,	1,	1,	1,	'2024-02-04 02:39:31',	'2024-02-04 02:39:31'),
(1,	14,	1,	1,	1,	1,	1,	'2024-02-04 02:39:31',	'2024-02-04 02:39:31'),
(1,	15,	1,	1,	1,	1,	1,	'2024-02-04 02:39:31',	'2024-02-04 02:39:31'),
(1,	16,	1,	1,	1,	1,	1,	'2024-02-04 02:39:31',	'2024-02-04 02:39:31'),
(1,	17,	1,	1,	1,	1,	1,	'2024-02-04 02:39:31',	'2024-02-04 02:39:31'),
(1,	26,	1,	1,	1,	1,	1,	'2024-02-04 02:39:31',	'2024-02-04 02:39:31');

DROP TABLE IF EXISTS `role_user`;
CREATE TABLE `role_user` (
  `id` int(10) unsigned NOT NULL AUTO_INCREMENT,
  `level` varchar(100) NOT NULL,
  `created_at` timestamp NOT NULL DEFAULT '0000-00-00 00:00:00' ON UPDATE current_timestamp(),
  `updated_at` timestamp NOT NULL DEFAULT '0000-00-00 00:00:00' ON UPDATE current_timestamp(),
  PRIMARY KEY (`id`)
) ENGINE=InnoDB DEFAULT CHARSET=utf8mb4 COLLATE=utf8mb4_unicode_ci;

INSERT INTO `role_user` (`id`, `level`, `created_at`, `updated_at`) VALUES
(1,	'Admin',	'2024-02-04 09:39:30',	'2024-02-04 02:39:30'),
(2,	'Manager',	'2024-02-04 09:29:34',	'2024-02-04 02:29:34'),
(3,	'Verifikator',	'2023-09-13 01:36:46',	'2023-09-12 18:36:46'),
(4,	'User',	'2024-01-04 07:55:24',	'2024-01-04 00:55:24'),
(5,	'Operator',	'2023-04-09 13:39:35',	'2023-04-09 13:39:35');

DROP TABLE IF EXISTS `sessions`;
CREATE TABLE `sessions` (
  `id` varchar(191) NOT NULL,
  `user_id` bigint(20) unsigned DEFAULT NULL,
  `ip_address` varchar(45) DEFAULT NULL,
  `user_agent` text DEFAULT NULL,
  `payload` longtext NOT NULL,
  `last_activity` int(11) NOT NULL,
  PRIMARY KEY (`id`),
  KEY `sessions_user_id_index` (`user_id`),
  KEY `sessions_last_activity_index` (`last_activity`)
) ENGINE=InnoDB DEFAULT CHARSET=utf8mb4 COLLATE=utf8mb4_unicode_ci;

INSERT INTO `sessions` (`id`, `user_id`, `ip_address`, `user_agent`, `payload`, `last_activity`) VALUES
('3toQwper7uho0YOsgQAki5AJJt4giQl345Eih6zz',	NULL,	'127.0.0.1',	'Mozilla/5.0 (Windows NT 10.0; Win64; x64) AppleWebKit/537.36 (KHTML, like Gecko) Chrome/120.0.0.0 Safari/537.36',	'YTo0OntzOjY6Il90b2tlbiI7czo0MDoiOFJISE1Gckh6UFFhbDRodVJJWlFPU212dXVUcEFESHNVSTVQeURIaiI7czozOiJ1cmwiO2E6MTp7czo4OiJpbnRlbmRlZCI7czozMToiaHR0cDovLzEyNy4wLjAuMTo4MDAwL2Rhc2hib2FyZCI7fXM6OToiX3ByZXZpb3VzIjthOjE6e3M6MzoidXJsIjtzOjI3OiJodHRwOi8vMTI3LjAuMC4xOjgwMDAvbG9naW4iO31zOjY6Il9mbGFzaCI7YToyOntzOjM6Im9sZCI7YTowOnt9czozOiJuZXciO2E6MDp7fX19',	1705780653),
('8TTxfD7a2xAPutumt0VhbTmRgp78QpqJwhymhamB',	1,	'127.0.0.1',	'Mozilla/5.0 (Windows NT 10.0; Win64; x64) AppleWebKit/537.36 (KHTML, like Gecko) Chrome/120.0.0.0 Safari/537.36',	'YTo2OntzOjY6Il90b2tlbiI7czo0MDoiODZzWjhKR0oxcjc2a0xONWI4ZnZaU0NoRmttb2RtSjJpN3piZUllTyI7czo2OiJfZmxhc2giO2E6Mjp7czozOiJvbGQiO2E6MDp7fXM6MzoibmV3IjthOjA6e319czo5OiJfcHJldmlvdXMiO2E6MTp7czozOiJ1cmwiO3M6MzE6Imh0dHA6Ly8xMjcuMC4wLjE6ODAwMC9kYXNoYm9hcmQiO31zOjUwOiJsb2dpbl93ZWJfNTliYTM2YWRkYzJiMmY5NDAxNTgwZjAxNGM3ZjU4ZWE0ZTMwOTg5ZCI7aToxO3M6NDoiYXV0aCI7YToxOntzOjIxOiJwYXNzd29yZF9jb25maXJtZWRfYXQiO2k6MTcwNTc3NzM3MTt9czoyMToicGFzc3dvcmRfaGFzaF9zYW5jdHVtIjtzOjYwOiIkMnkkMTAkVEZKNDh3b3ZORHJIbjBSUFBuYWlzZUpmdzh0SmphbEhFS3RWRW5JNzZYcHBHdVQ1QnNOUDYiO30=',	1705780177),
('ItG0n73FZnadY2Fm7FZJb0IbEcuNSsHqmVEwxDyB',	1,	'127.0.0.1',	'Mozilla/5.0 (Windows NT 10.0; Win64; x64) AppleWebKit/537.36 (KHTML, like Gecko) Chrome/120.0.0.0 Safari/537.36',	'YTo2OntzOjY6Il90b2tlbiI7czo0MDoicnZ6WnJsN1B6TmdXNkpvRU93R3MzVEY5U2s2WFB2dWhhRXI4RFdNMSI7czozOiJ1cmwiO2E6MDp7fXM6OToiX3ByZXZpb3VzIjthOjE6e3M6MzoidXJsIjtzOjMxOiJodHRwOi8vMTI3LjAuMC4xOjgwMDAvZGFzaGJvYXJkIjt9czo2OiJfZmxhc2giO2E6Mjp7czozOiJvbGQiO2E6MDp7fXM6MzoibmV3IjthOjA6e319czo1MDoibG9naW5fd2ViXzU5YmEzNmFkZGMyYjJmOTQwMTU4MGYwMTRjN2Y1OGVhNGUzMDk4OWQiO2k6MTtzOjQ6ImF1dGgiO2E6MTp7czoyMToicGFzc3dvcmRfY29uZmlybWVkX2F0IjtpOjE3MDU3ODAzNTE7fX0=',	1705780642);

DROP TABLE IF EXISTS `spd_master`;
CREATE TABLE `spd_master` (
  `id` bigint(20) NOT NULL AUTO_INCREMENT,
  `id_master` bigint(20) NOT NULL,
  `tgl` date NOT NULL,
  `ppk` varchar(20) DEFAULT NULL,
  `tgl_spd` date DEFAULT NULL,
  `tgl_pergi` date DEFAULT NULL,
  `tgl_pulang` date DEFAULT NULL,
  `file_dukung` text DEFAULT NULL,
  `file_rekom` text DEFAULT NULL,
  `timbang_1` text DEFAULT NULL,
  `timbang_2` text DEFAULT NULL,
  `timbang_3` text DEFAULT NULL,
  `dasar_1` text DEFAULT NULL,
  `dasar_2` text DEFAULT NULL,
  `dasar_3` text DEFAULT NULL,
  `nomor_st` varchar(150) DEFAULT NULL,
  `tgl_st` date DEFAULT NULL,
  `lokasi_acara` text DEFAULT NULL,
  `nomor_spd` varchar(150) DEFAULT NULL,
  `maksud_spd` text DEFAULT NULL,
  `kendaraan` int(11) NOT NULL,
  `tempat_berangkat` text DEFAULT NULL,
  `tempat_tujuan` text DEFAULT NULL,
  `lama_perjadin` smallint(6) NOT NULL,
  `pengikut1` varchar(100) DEFAULT NULL,
  `pengikut2` varchar(100) DEFAULT NULL,
  `anggaran` smallint(6) DEFAULT NULL,
  `akun` tinytext DEFAULT NULL,
  `created_at` timestamp NOT NULL DEFAULT '0000-00-00 00:00:00' ON UPDATE current_timestamp(),
  `updated_at` timestamp NOT NULL DEFAULT '0000-00-00 00:00:00' ON UPDATE current_timestamp(),
  `updated_by` varchar(50) NOT NULL,
  PRIMARY KEY (`id`)
) ENGINE=InnoDB DEFAULT CHARSET=utf8mb4 COLLATE=utf8mb4_unicode_ci;

INSERT INTO `spd_master` (`id`, `id_master`, `tgl`, `ppk`, `tgl_spd`, `tgl_pergi`, `tgl_pulang`, `file_dukung`, `file_rekom`, `timbang_1`, `timbang_2`, `timbang_3`, `dasar_1`, `dasar_2`, `dasar_3`, `nomor_st`, `tgl_st`, `lokasi_acara`, `nomor_spd`, `maksud_spd`, `kendaraan`, `tempat_berangkat`, `tempat_tujuan`, `lama_perjadin`, `pengikut1`, `pengikut2`, `anggaran`, `akun`, `created_at`, `updated_at`, `updated_by`) VALUES
(118,	36,	'2023-09-09',	'198404092011011011',	'2023-09-09',	'2023-09-10',	'2023-09-11',	NULL,	NULL,	NULL,	NULL,	NULL,	NULL,	NULL,	NULL,	NULL,	NULL,	NULL,	'/Kw.03/2-d/KP.02.3/05/2022',	'MOnitoring dan Evaluasi Ijazah Madrasah',	1,	'Padang',	'Padang Panjang',	0,	'-',	'-',	NULL,	'0',	'2023-09-09 04:11:50',	'2023-09-09 04:11:50',	'197508082009121001'),
(122,	36,	'2023-09-12',	'199210182015052002',	'2023-09-12',	'2023-09-12',	'2023-09-13',	NULL,	NULL,	'bahwa dalam mengikuti dan mensukseskan kegiatan Kompetisi Sains Madrasah (KSM) Tingkat Nasional Tahun 2022 yang diselenggarakan di DKI Jakarta tanggal 09 s.d 14 Oktober 2022, dirasa perlu untuk  menugaskan peserta, pendamping dan official sebagai Kontingen Sumatera Barat untuk kegiatan KSM Nasional tahun 2022 dimaksud',	'bahwa nama-nama yang tercantum dalam lampiran surat tugas ini memenuhi syarat untuk ditugaskan sebagai Peserta, Pendamping dan Official Kontingen KSM Nasional Tahun 2022 dari Provinsi Sumatera Barat.',	'Keputusan Dirjen Pendidikan Islam Kementerian Agama RI  Nomor : 2742 Tahun 2022 tanggal 19 Mei  2022 tentang Petunjuk Teknis Pelaksanaan Kompetisi Sains Madrasah Tahun 2022.',	'Keputusan Dirjen Pendidikan Islam Kementerian Agama RI  Nomor : 2742 Tahun 2022 tanggal 19 Mei  2022 tentang Petunjuk Teknis Pelaksanaan Kompetisi Sains Madrasah Tahun 2022.',	'Surat  Direktur KSKK Madrasah Ditjen Pendidikan Islam Nomor  B-2314/DJ/Dt.I.I/HM.01/09/2022 tanggal 12 September 2022 tentang Ketentuan Pendamping KSM Tingkat Nasional Tahun 2022.',	'DIPA kantor Wilayah Kementerian Agama Provinsi Sumatera Barat Program Pendidikan Islam Tahun Anggaran 2022.',	'/Kw.03.2/2-c/PP.00/12/2022',	'2023-09-12',	'di Asrama Haji Pondok Gede Jakarta',	'/Kw.03/2-d/KP.02.3/09/2023',	'Pendistribusian dan Sosialisasi Penulisan Blangko Ijazah MTs, MI dan RA',	1,	'Padang',	'Dharmasraya',	0,	'-',	'-',	NULL,	'0',	'2023-09-12 14:44:42',	'2023-09-12 07:44:42',	'197508082009121001'),
(125,	36,	'2023-09-13',	'198404092011011011',	'2023-09-13',	'2023-09-14',	'2023-09-15',	NULL,	'$2y$10$tl5C2ADBWcuDAP/oM8No2e5esn337ZwvBpmVvqK8TICu2BvZCaW26',	NULL,	NULL,	NULL,	NULL,	NULL,	NULL,	NULL,	NULL,	NULL,	'/Kw.03/2-d/KP.02.3/09/2023',	'Pendistribusian dan Sosialisasi Penulisan Blangko Ijazah MTs, MI dan RA',	1,	'Padang',	'Sawahlunto , Sijunjung',	0,	'-',	'-',	NULL,	'0',	'2023-09-13 08:30:08',	'2023-09-13 08:30:08',	'197508082009121001');

DROP TABLE IF EXISTS `spd_rinci`;
CREATE TABLE `spd_rinci` (
  `id` bigint(20) NOT NULL AUTO_INCREMENT,
  `id_master` bigint(20) NOT NULL,
  `tgl_pergi` date NOT NULL,
  `tgl_pulang` date NOT NULL,
  `nip` varchar(20) NOT NULL,
  `kode_golongan` varchar(10) NOT NULL,
  `nama` varchar(100) NOT NULL,
  `unit` varchar(100) NOT NULL,
  `jabatan` varchar(100) NOT NULL,
  `created_at` timestamp NOT NULL DEFAULT '0000-00-00 00:00:00' ON UPDATE current_timestamp(),
  `updated_at` timestamp NOT NULL DEFAULT '0000-00-00 00:00:00' ON UPDATE current_timestamp(),
  PRIMARY KEY (`id`),
  KEY `id_rinci` (`id_master`)
) ENGINE=InnoDB DEFAULT CHARSET=utf8mb4 COLLATE=utf8mb4_unicode_ci;

INSERT INTO `spd_rinci` (`id`, `id_master`, `tgl_pergi`, `tgl_pulang`, `nip`, `kode_golongan`, `nama`, `unit`, `jabatan`, `created_at`, `updated_at`) VALUES
(23,	118,	'2023-09-10',	'2023-09-11',	'197709102007101001',	'III/d',	'FIRDAUS, S.HI',	'5',	'Pelaksana',	'2023-09-11 07:31:23',	'2023-09-11 07:31:23'),
(25,	122,	'2023-09-12',	'2023-09-13',	'197203061993032003',	'III/b',	'MENDRAWATI, S.AP',	'4',	'JFT-Arsiparis',	'2023-09-12 03:12:13',	'2023-09-12 03:12:13'),
(26,	122,	'2023-09-12',	'2023-09-13',	'198909192019032016',	'III/a',	'SILKY PUTRI MAIZA S.I.P',	'2',	'JFT-Analis Kepegawaian/Analis SDM Aparatur',	'2023-09-12 03:12:13',	'2023-09-12 03:12:13'),
(27,	125,	'2023-09-14',	'2023-09-15',	'196608021994031002',	'IV/b',	'Drs. H. MISWAN M.Pd',	'2',	'Kepala Bagian Tata Usaha',	'2023-09-13 08:33:33',	'2023-09-13 08:33:33'),
(28,	122,	'2023-09-12',	'2023-09-13',	'198405312009011007',	'III/c',	'ZAIFUL RAHMAT, S.Kom',	'2',	'JFT-Pranata Komputer',	'2023-09-15 03:41:09',	'2023-09-15 03:41:09');

DROP TABLE IF EXISTS `struktur`;
CREATE TABLE `struktur` (
  `id` int(11) NOT NULL AUTO_INCREMENT,
  `nama_pimpinan` text NOT NULL,
  `lokasi_kantor` text NOT NULL,
  `ttd` text DEFAULT NULL,
  `t_1` text NOT NULL,
  `t_2` text NOT NULL,
  `t_3` text NOT NULL,
  `t_4` text NOT NULL,
  `t_5` text NOT NULL,
  `verifikator` varchar(20) NOT NULL,
  `updated_at` timestamp NULL DEFAULT NULL ON UPDATE current_timestamp(),
  UNIQUE KEY `id` (`id`)
) ENGINE=InnoDB DEFAULT CHARSET=latin1 COLLATE=latin1_swedish_ci;

INSERT INTO `struktur` (`id`, `nama_pimpinan`, `lokasi_kantor`, `ttd`, `t_1`, `t_2`, `t_3`, `t_4`, `t_5`, `verifikator`, `updated_at`) VALUES
(1,	'Helmi',	'Padang',	'',	'KEMENTERIAN AGAMA REPUBLIK INDONESIA',	'KANTOR WILAYAH KEMENTERIAN AGAMA',	'PROVINSI SUMATERA BARAT',	'Jl. Kuni No. 79 B (0751) 21686  28220 Fax. (0751) 22583',	'Website http://sumbar.kemenag.go.id | email : kanwilsumbar@kemenag.go.id',	'196608021994031002',	'2023-07-31 00:43:41');

DROP TABLE IF EXISTS `ts_master`;
CREATE TABLE `ts_master` (
  `id` bigint(20) NOT NULL AUTO_INCREMENT,
  `tgl` date NOT NULL,
  `dari` text NOT NULL,
  `kepada` text NOT NULL,
  `verifikator` varchar(20) NOT NULL,
  `perihal` text NOT NULL,
  `persoalan` text NOT NULL,
  `anggapan` text NOT NULL,
  `fakta` text NOT NULL,
  `analisis` text NOT NULL,
  `kesimpulan` text NOT NULL,
  `saran_tindakan` text NOT NULL,
  `ppk` varchar(20) DEFAULT NULL,
  `tgl_spd` date DEFAULT NULL,
  `tgl_pergi` date DEFAULT NULL,
  `tgl_pulang` date DEFAULT NULL,
  `status_verifikator` smallint(6) NOT NULL,
  `note_verifikator` text DEFAULT NULL,
  `status` tinyint(4) NOT NULL,
  `note` text DEFAULT NULL,
  `file_dukung` text DEFAULT NULL,
  `file_rekom` text DEFAULT NULL,
  `timbang_1` text DEFAULT NULL,
  `timbang_2` text DEFAULT NULL,
  `timbang_3` text DEFAULT NULL,
  `dasar_1` text DEFAULT NULL,
  `dasar_2` text DEFAULT NULL,
  `dasar_3` text DEFAULT NULL,
  `nomor_st` varchar(150) DEFAULT NULL,
  `tgl_st` date DEFAULT NULL,
  `lokasi_acara` text DEFAULT NULL,
  `kirim` tinyint(1) NOT NULL,
  `nomor_spd` varchar(150) DEFAULT NULL,
  `maksud_spd` text DEFAULT NULL,
  `kendaraan` int(11) NOT NULL,
  `tempat_berangkat` text DEFAULT NULL,
  `tempat_tujuan` text DEFAULT NULL,
  `lama_perjadin` smallint(6) NOT NULL,
  `pengikut1` varchar(100) DEFAULT NULL,
  `pengikut2` varchar(100) DEFAULT NULL,
  `anggaran` smallint(6) DEFAULT NULL,
  `akun` tinytext DEFAULT NULL,
  `created_at` timestamp NOT NULL DEFAULT '0000-00-00 00:00:00' ON UPDATE current_timestamp(),
  `updated_at` timestamp NOT NULL DEFAULT '0000-00-00 00:00:00' ON UPDATE current_timestamp(),
  `updated_by` varchar(50) NOT NULL,
  PRIMARY KEY (`id`)
) ENGINE=InnoDB DEFAULT CHARSET=utf8mb4 COLLATE=utf8mb4_unicode_ci;

INSERT INTO `ts_master` (`id`, `tgl`, `dari`, `kepada`, `verifikator`, `perihal`, `persoalan`, `anggapan`, `fakta`, `analisis`, `kesimpulan`, `saran_tindakan`, `ppk`, `tgl_spd`, `tgl_pergi`, `tgl_pulang`, `status_verifikator`, `note_verifikator`, `status`, `note`, `file_dukung`, `file_rekom`, `timbang_1`, `timbang_2`, `timbang_3`, `dasar_1`, `dasar_2`, `dasar_3`, `nomor_st`, `tgl_st`, `lokasi_acara`, `kirim`, `nomor_spd`, `maksud_spd`, `kendaraan`, `tempat_berangkat`, `tempat_tujuan`, `lama_perjadin`, `pengikut1`, `pengikut2`, `anggaran`, `akun`, `created_at`, `updated_at`, `updated_by`) VALUES
(14,	'2023-03-09',	'Bagian Tata Usaha',	'Kepala Kantor Wilayah Kementerian Agama Prov. Sumatera Barat',	'196608021994031002',	'Penugasan Pegawai',	'Tes',	'<p>adfasdfasdfa adfasdfasdfasdf asdfasdfasdfasdfasdfasdfasdfasdfasdfasdfasdf asdfasdfasdfasdf</p>',	'<p>adfasdfasdfa adfasdfasdfasdf asdfasdfasdfasdfasdfasdfasdfasdfasdfasdfasdf asdfasdfasdfasdf<br></p>',	'<p>adfasdfasdfa adfasdfasdfasdf asdfasdfasdfasdfasdfasdfasdfasdfasdfasdfasdf asdfasdfasdfasdf<br></p>',	'<p>adfasdfasdfa adfasdfasdfasdf asdfasdfasdfasdfasdfasdfasdfasdfasdfasdfasdf asdfasdfasdfasdf<br></p>',	'<p>adfasdfasdfa adfasdfasdfasdf asdfasdfasdfasdfasdfasdfasdfasdfasdfasdfasdf asdfasdfasdfasdf<br></p>',	'199210182015052002',	'2023-05-05',	'2023-03-12',	'2023-03-14',	1,	'',	1,	'',	'',	'$2y$10$XWDSEiVZDcbK8o4VshM82ezC07SNClHSEdT2zxZHawa5ivzAqRohy',	'<p>x</p>',	NULL,	NULL,	'<p>x</p>',	NULL,	NULL,	'/Kw.03.2/2-c/PP.00/12/2022',	'2023-07-17',	'Padang',	1,	'/Kw.03/2-d/KP.02.3/05/2022',	'Memberikan Bimbingan dalam Peningkatan Kompetensi  IT dan Kehumasan pada Pokja MGMP MTSN Padang Panjang',	2,	'Padang',	'jakareta',	0,	'-',	'-',	0,	'524111',	'2023-07-17 01:22:56',	'2023-07-16 18:22:56',	'197508082009121001'),
(16,	'2023-04-06',	'Bidang Pendidikan Agama dan Pendidikan Keagamaan Islam ',	'Kepala Kantor Wilayah Kementerian Agama Prov. Sumatera Barat',	'196608021994031002',	'Dinas Monitoring Kel Pasaman Barat',	'SUrat edaran BIro Kepegawaian',	'<p>asas</p>',	'<p>asas</p>',	'<p>asa</p>',	'<p>as</p>',	'<p>assssss</p>',	'0',	NULL,	'2023-04-06',	'2023-04-08',	0,	'',	0,	'',	'',	'',	'',	'',	'',	'',	'',	'',	'',	'0000-00-00',	'',	1,	'',	'',	0,	'',	'',	0,	'',	'',	1,	'',	'2023-04-10 02:38:07',	'2023-04-10 02:38:07',	'197508082009121001'),
(20,	'2023-04-12',	'Bidang Pendidikan Agama dan Pendidikan Keagamaan Islam ',	'Kepala Kantor Wilayah Kementerian Agama Prov. Sumatera Barat',	'196608021994031002',	'MOnitoring Pelaksnaan Ujian Nasioanl',	'sss',	'<p>ss</p>',	'<p>sss</p>',	'<p>ss</p>',	'<p>ss</p>',	'<p>ss</p>',	'199210182015052002',	NULL,	'2023-04-17',	'2023-04-18',	1,	'',	2,	'cek',	'file-dukung/zX2oRzl5P5QcPOI7yN5LPKOTPVnmWRteokmSTqmE.pdf',	'',	'',	'',	'',	'',	'',	'',	'',	'0000-00-00',	'',	1,	'/Kw.03/2-d/KP.02.3/05/2022',	'Memberikan Bimbingan dalam Peningkatan Kompetensi  IT dan Kehumasan pada Pokja MGMP MTSN Padang Panjang',	1,	'Padang',	'jakareta',	0,	'asdf',	'asdf',	0,	'asdf',	'2023-08-25 06:43:06',	'2023-08-24 23:43:06',	'197508082009121001'),
(21,	'2023-04-13',	'Bidang Pendidikan Agama dan Pendidikan Keagamaan Islam ',	'Kepala Kantor Wilayah Kementerian Agama Prov. Sumatera Barat',	'196608021994031002',	'Bimtek APlikasi Keuangan',	'APlikasi Keuangan Yang',	'<p>xxxx</p>',	'<p>xxx</p>',	'<p>xxx</p>',	'<p>xxx</p>',	'<p>xxxx</p>',	'0',	NULL,	'2023-04-14',	'2023-04-16',	1,	'laksankaan',	1,	'laksanakan. tks',	'file-dukung/6rNd1GBiCvyM1VIhkULnZcq9y1znpH6WW5ciN4JG.pdf',	'$2y$10$1dfl4qBYuTA.tQysd.My8OWalkI0JAJwI4rOwCM2dk7HI4wtbMOQq',	'',	'',	'',	'',	'',	'',	'',	'0000-00-00',	'',	1,	'',	'',	0,	'',	'',	0,	'',	'',	0,	'',	'2023-04-13 02:32:29',	'2023-04-13 02:32:29',	'197508082009121001'),
(24,	'2023-04-18',	'Bidang Pendidikan Agama dan Pendidikan Keagamaan Islam ',	'Kepala Kantor Wilayah Kementerian Agama Prov. Sumatera Barat',	'196608021994031002',	'UNdangan Melakukan Rekonsiliasi Data',	'asdfa',	'<p><span style=\"font-family: Calibri, sans-serif; font-size: 14.6667px;\">Surat Undangan Direktorat Jenderal Pendidikan Islam Kementerian Agama Republik Indonesia Nomor : 1819/PMU.MEQR/HM/XI/2022, tanggal 30 November 2022 tentang Undangan Peserta Pendampingan Program dan Kegiatan PKB Guru dan Tendik Madrasah Angkatan 27; asdfasdlkfjasldkfjlasdkfjlaskdjflaskdfjasldfjasldfkjasldfjalskdfjlaskdfjlaskdfjlaskdflaskdfjlaksdfjlaksdfjlaksdjflaskdjflaksdjflaskdfjalskdjfalsdkflasdfjalskdfjalksd</span><br></p>',	'<p>adf</p>',	'<p>asdf</p>',	'<p>asdf</p>',	'<p>asdfa</p>',	'',	NULL,	'2023-04-18',	'2023-04-20',	0,	'',	0,	'',	'file-dukung/ZMKPGwjPEpnCcwS9CP1FUJ2v598Gc9TwStv0Ksj0.pdf',	'',	'file-doc/MrtNTmqexkCUc1MkTncko3ln2yJ5uaN4ktGhMr3N.docx',	'',	'',	'',	'',	'',	'',	'0000-00-00',	'',	0,	'',	'',	0,	'',	'',	0,	'',	'',	NULL,	'',	'2023-07-14 11:11:42',	'2023-07-14 04:11:42',	'197508082009121001'),
(25,	'2023-06-26',	'Bidang Pendidikan Agama dan Pendidikan Keagamaan Islam ',	'Kepala Kantor Wilayah Kementerian Agama Prov. Sumatera Barat',	'196608021994031002',	'Rapat Koordinasi Pengelolaan Data EMIS Madrasah Tahun 2023',	'Rapat Koordinasi Pengelolaan Data EMIS Madrasah\r\nTahun 2023',	'<p>x</p>',	'<p>x</p>',	'<p>x</p>',	'<p>x</p>',	'<p>x</p>',	'199210182015052002',	'2023-07-14',	'2023-06-24',	'2023-06-26',	1,	'',	1,	'',	'',	'$2y$10$fENN2T1pk3bwpsp.3XV14.p3YSD9v6L5kX/zAIlknYIqBNdE6lsSa',	'<p><span style=\"font-family: Arial;\"></span><font face=\"Arial\">Surat Undangan Direktorat Jenderal Pendidikan Islam Kementerian Agama Republik Indonesia Nomor : 1819/PMU.MEQR/HM/XI/2022, tanggal 30 November 2022 tentang Undangan Peserta Pendampingan Program dan Kegiatan PKB Guru dan Tendik Madrasah Angkatan 27.</font></p>',	'<p><span style=\"font-family: Arial;\"></span><font face=\"Arial\">Surat Undangan Direktorat Jenderal Pendidikan Islam Kementerian Agama Republik Indonesia Nomor : 1819/PMU.MEQR/HM/XI/2022, tanggal 30 November 2022 tentang Undangan Peserta Pendampingan Program dan Kegiatan PKB Guru dan Tendik Madrasah Angkatan 27.</font></p>',	'<p><span lang=\"DE\" style=\"font-size:11.0pt;font-family:\r\n&quot;Calibri&quot;,sans-serif;mso-fareast-font-family:&quot;Times New Roman&quot;;mso-ansi-language:\r\nDE;mso-fareast-language:EN-US;mso-bidi-language:AR-SA\">Surat Undangan\r\nDirektorat Jenderal Pendidikan Islam Kementerian Agama Republik Indonesia Nomor\r\n: 1819/PMU.MEQR/HM/XI/2022, tanggal 30 November 2022 tentang Undangan Peserta Pendampingan\r\nProgram dan Kegiatan PKB Guru dan Tendik Madrasah Angkatan 27;&nbsp;&nbsp;</span></p>',	'<p><span lang=\"DE\" style=\"font-size:11.0pt;font-family:\r\n&quot;Calibri&quot;,sans-serif;mso-fareast-font-family:&quot;Times New Roman&quot;;mso-ansi-language:\r\nDE;mso-fareast-language:EN-US;mso-bidi-language:AR-SA\">Implementasi Proyek </span><span style=\"font-size:11.0pt;font-family:&quot;Calibri&quot;,sans-serif;mso-fareast-font-family:\r\n&quot;Times New Roman&quot;;mso-ansi-language:EN-US;mso-fareast-language:EN-US;\r\nmso-bidi-language:AR-SA\">Proyek Realizing Educations Promise: Support to\r\nIndonesias Ministry of Religious Affairs for Improved Quality of Education\r\n(Madrasah Education Quality Reform) IBRD Loan Number 8992-ID Tahun Anggaran\r\n2022</span></p>',	'<p><span lang=\"DE\" style=\"font-size:11.0pt;font-family:\r\n&quot;Calibri&quot;,sans-serif;mso-fareast-font-family:&quot;Times New Roman&quot;;mso-ansi-language:\r\nDE;mso-fareast-language:EN-US;mso-bidi-language:AR-SA\">Implementasi Proyek </span><span style=\"font-size:11.0pt;font-family:&quot;Calibri&quot;,sans-serif;mso-fareast-font-family:\r\n&quot;Times New Roman&quot;;mso-ansi-language:EN-US;mso-fareast-language:EN-US;\r\nmso-bidi-language:AR-SA\">Proyek Realizing Educations Promise: Support to\r\nIndonesias Ministry of Religious Affairs for Improved Quality of Education\r\n(Madrasah Education Quality Reform) IBRD Loan Number 8992-ID Tahun Anggaran\r\n2022</span></p>',	'<p><span lang=\"DE\" style=\"font-size:11.0pt;font-family:\r\n&quot;Calibri&quot;,sans-serif;mso-fareast-font-family:&quot;Times New Roman&quot;;mso-ansi-language:\r\nDE;mso-fareast-language:EN-US;mso-bidi-language:AR-SA\">Implementasi Proyek </span><span style=\"font-size:11.0pt;font-family:&quot;Calibri&quot;,sans-serif;mso-fareast-font-family:\r\n&quot;Times New Roman&quot;;mso-ansi-language:EN-US;mso-fareast-language:EN-US;\r\nmso-bidi-language:AR-SA\">Proyek Realizing Educations Promise: Support to\r\nIndonesias Ministry of Religious Affairs for Improved Quality of Education\r\n(Madrasah Education Quality Reform) IBRD Loan Number 8992-ID Tahun Anggaran\r\n2022</span></p>',	'/Kw.03.2/2-c/PP.00/12/2022',	'2023-06-30',	'Bigland Hotel International &amp; Convention Hall',	1,	'/Kw.03/2-d/KP.02.3/06/2022',	'Melakukan Evaluasi Proses sinkronisasi Data Emis pada Dirjen Pendis',	2,	'Padang',	'Jakarta',	0,	'-',	'-',	1,	'-',	'2023-07-15 13:01:15',	'2023-07-15 06:01:15',	'197508082009121001'),
(26,	'2023-06-26',	'Bidang Pendidikan Agama dan Pendidikan Keagamaan Islam ',	'Kepala Kantor Wilayah Kementerian Agama Prov. Sumatera Barat',	'196608021994031002',	'Penugasan Pegawai',	'mutasi',	'<p>asdfa</p>',	'<p>asdf</p>',	'<p>asdf</p>',	'<p>asdf</p>',	'<p>asdf</p>',	'',	NULL,	'2023-07-01',	'2023-07-02',	0,	'',	0,	'',	'',	'',	'file-doc/tj51VzVrwRNdJ6EEJf0MHdIAD453KNuzUS5PsY7v.docx',	'',	'',	'',	'',	'',	'',	'0000-00-00',	'',	0,	'',	'',	0,	'',	'',	0,	'',	'',	1,	'',	'2023-06-26 06:48:29',	'2023-06-26 06:48:29',	'197508082009121001'),
(27,	'2023-07-12',	'Bidang Pendidikan Madrasah',	'Kepala Kantor Wilayah Kementerian Agama Prov. Sumatera Barat',	'196608021994031002',	'x',	'x',	'<p>x</p>',	'<p><b>x</b></p>',	'<p>x</p>',	'<p>x</p>',	'<p>xx</p>',	'198404092011011011',	'2023-07-13',	'2023-07-12',	'2023-07-12',	1,	'mohon petunjuk kepala',	1,	'x',	NULL,	'$2y$10$f9nwydOYmc8/qwt9gMeI0.jGpZ0Od9zfJJUFidunDidAj7YXrygDe',	'<p>x</p>',	'<p>x</p>',	'<p>x</p>',	'<p>x</p>',	'<p>x</p>',	'<p>x</p>',	'/Kw.03.2/2-c/PP.00/12/2022',	'2023-07-13',	'<p>x</p>',	1,	'/Kw.03/2-d/KP.02.3/05/2022',	'xxxxx',	1,	'x',	'x',	0,	NULL,	NULL,	1,	NULL,	'2023-07-13 04:40:11',	'2023-07-12 21:40:11',	'197508082009121001'),
(28,	'2023-07-17',	'Bidang Pendidikan Madrasah',	'Kepala Kantor Wilayah Kementerian Agama Prov. Sumatera Barat',	'196608021994031002',	'KSM',	'untuk percepatan realisasi anggaran',	'<p>efrr</p>',	'<p>trefte</p>',	'<p>tret</p>',	'<p>tret</p>',	'<p>ftreftr</p>',	NULL,	NULL,	'2023-07-17',	'2023-07-24',	0,	NULL,	0,	NULL,	NULL,	NULL,	NULL,	NULL,	NULL,	NULL,	NULL,	NULL,	NULL,	NULL,	NULL,	0,	NULL,	NULL,	0,	NULL,	NULL,	0,	NULL,	NULL,	1,	'0',	'2023-07-16 21:28:47',	'2023-07-16 21:28:47',	'197007301992031001'),
(29,	'2023-07-21',	'Bagian Tata Usaha',	'Kepala Kantor Wilayah Kementerian Agama Prov. Sumatera Barat',	'196608021994031002',	'Usul Revisi Anggaran',	'anggaran pendis',	'<p>praanggapan anggaran pendis<br></p>',	'<p>fakta anggaran pendis<br></p>',	'<p>analisis</p>',	'<p>kesimpulan yg pergi adalah</p>',	'saran tindakan',	'198404092011011011',	'2023-07-21',	'2023-07-24',	'2023-07-26',	1,	'dapat di pertimbangkan',	1,	'sesuai dengan aturan',	'file-dukung/aHWxwFAmG68PISlagp4sCw33gDw2jU2MEqoem6yR.pdf',	'$2y$10$uZOVV0pMtzLvl02BkGsOVe/rD5IxY51m56aqxkWYvAt15VJDZl.tC',	NULL,	NULL,	NULL,	NULL,	NULL,	NULL,	NULL,	NULL,	NULL,	1,	'/Kw.',	'mengikuti kegiatan revisi usulan anggaran',	2,	'padang',	'jakarta',	0,	NULL,	NULL,	1,	'0',	'2023-07-21 08:27:21',	'2023-07-21 01:27:21',	'198605242011011011'),
(30,	'2023-07-21',	'Bagian Tata Usaha',	'Kepala Kantor Wilayah Kementerian Agama Prov. Sumatera Barat',	'196608021994031002',	'kegiatan papkis',	'mengikutu kegiatan papkis',	'<p>mengikutu kegiatan papkis<br></p>',	'<p>mengikutu kegiatan papkis<br></p>',	'<p>mengikutu kegiatan papkis<br></p>',	'<p>mengikutu kegiatan papkis<br></p>',	'<p>mengikutu kegiatan papkis<br></p>',	NULL,	NULL,	'2023-07-25',	'2023-07-26',	0,	NULL,	0,	NULL,	'file-dukung/IWuAk0RBsDG6niIJXbrqGgbfmqe4U4UEbxAomzZk.pdf',	NULL,	NULL,	NULL,	NULL,	NULL,	NULL,	NULL,	NULL,	NULL,	NULL,	0,	NULL,	NULL,	0,	NULL,	NULL,	0,	NULL,	NULL,	1,	'0',	'2023-07-21 01:29:48',	'2023-07-21 01:29:48',	'198605242011011011'),
(31,	'2023-07-23',	'Bagian Tata Usaha',	'Kepala Kantor Wilayah Kementerian Agama Prov. Sumatera Barat',	'196512311994031009',	'Monef MdTA',	'Monef MDTA',	'<p>Monef MDTA<br></p>',	'<p>Monef MDTA<br></p>',	'<p>Monef MDTA<br></p>',	'<p>Monef MDTA<br></p>',	'<p>Monef MDTA<br></p>',	'199210182015052002',	'2023-07-23',	'2023-07-24',	'2023-07-26',	1,	'OK',	1,	'ok',	'file-dukung/4DTybXjUF7UVPaVNXI8DqEvRWcyAT1Fso5gqLO4b.pdf',	'$2y$10$9cxT5GMJLYiGbg7XAiMGaOtjNYJyQnlvAf7QAAFKKhMH52ETmdl/C',	NULL,	NULL,	NULL,	NULL,	NULL,	NULL,	NULL,	NULL,	NULL,	1,	'/Kw',	'Monef MTDA',	1,	'padang',	'Payakumbuh',	0,	NULL,	NULL,	1,	'521112',	'2023-07-23 15:29:06',	'2023-07-23 15:29:06',	'198109232011011003'),
(32,	'2023-07-23',	'Bidang Pendidikan Agama dan Pendidikan Keagamaan Islam',	'Kepala Kantor Wilayah Kementerian Agama Prov. Sumatera Barat',	'196608021994031002',	'monef pendis',	'monef pendis',	'<p>monef pendis<br></p>',	'<p>monef pendis<br></p>',	'<p>monef pendis<br></p>',	'<p>monef pendis<br></p>',	'<p>monef pendis<br></p>',	NULL,	NULL,	'2023-07-26',	'2023-07-28',	0,	NULL,	0,	NULL,	'file-dukung/2odxMlSegySJ1l0wPhNpi5BmpbmkWKZPta5PRBrj.pdf',	NULL,	NULL,	NULL,	NULL,	NULL,	NULL,	NULL,	NULL,	NULL,	NULL,	0,	NULL,	NULL,	0,	NULL,	NULL,	0,	NULL,	NULL,	1,	'0',	'2023-08-01 15:33:50',	'2023-08-01 08:33:50',	'198109232011011003'),
(33,	'2023-07-23',	'Bagian Tata Usaha',	'Kepala Kantor Wilayah Kementerian Agama Prov. Sumatera Barat',	'196608021994031002',	'mengantar ijazah',	'mengantar ijazah',	'<p>mengantar ijazah<br></p>',	'<p>mengantar ijazah<br></p>',	'<p>mengantar ijazah<br></p>',	'<p>mengantar ijazah<br></p>',	'<p>mengantar ijazah<br></p>',	NULL,	NULL,	'2023-07-28',	'2023-07-28',	1,	'revisi sudah di perbaiki',	1,	NULL,	'file-dukung/uSjFBJuJqH8aQgARseP72rjExe4aesxutm2tk4SS.pdf',	'$2y$10$41F/TX8KTvpkwfk9Mj.dju5jbj.Ahwufdtls3yTlYZAznTkbnb5y6',	NULL,	NULL,	NULL,	NULL,	NULL,	NULL,	NULL,	NULL,	NULL,	1,	NULL,	NULL,	0,	NULL,	NULL,	0,	NULL,	NULL,	1,	'0',	'2023-07-23 16:24:57',	'2023-07-23 09:24:57',	'198503072006042010'),
(34,	'2023-07-23',	'Bidang Pendidikan Madrasah',	'Kepala Kantor Wilayah Kementerian Agama Prov. Sumatera Barat',	'196608021994031002',	'mengantar paket ijazah',	'mengantar paket ijazah',	'<p>mengantar paket ijazah<br></p>',	'<p>mengantar paket ijazah<br></p>',	'<p>mengantar paket ijazah<br></p>',	'<p>mengantar paket ijazah<br></p>',	'<p>mengantar paket ijazah<br></p>',	NULL,	NULL,	'2023-07-26',	'2023-07-28',	0,	'Mohon di ganti personal sesuai arahan kepala',	0,	NULL,	NULL,	NULL,	NULL,	NULL,	NULL,	NULL,	NULL,	NULL,	NULL,	NULL,	NULL,	0,	NULL,	NULL,	0,	NULL,	NULL,	0,	NULL,	NULL,	1,	'0',	'2023-07-23 15:25:51',	'2023-07-23 15:25:51',	'198503072006042010'),
(35,	'2023-07-23',	'Bidang Pendidikan Madrasah',	'Kepala Kantor Wilayah Kementerian Agama Prov. Sumatera Barat',	'196608021994031002',	'monef GTK',	'monef GTK',	'<p>monef GTK<br></p>',	'<p>monef GTK<br></p>',	'<p>monef GTK<br></p>',	'<p>monef GTK<br></p>',	'<p>monef GTK<br></p>',	NULL,	NULL,	'2023-07-27',	'2023-07-27',	1,	NULL,	1,	NULL,	NULL,	'$2y$10$x7yfyodcN//seVu7ECs8SOnWD05wdjR7jZDE39jZg0Yp4q0dLcqvq',	NULL,	NULL,	NULL,	NULL,	NULL,	NULL,	NULL,	NULL,	NULL,	1,	NULL,	NULL,	0,	NULL,	NULL,	0,	NULL,	NULL,	1,	'0',	'2023-07-23 12:33:03',	'2023-07-23 05:33:03',	'198503072006042010'),
(36,	'2023-07-24',	'Bidang Pendidikan Madrasah',	'Kepala Kantor Wilayah Kementerian Agama Prov. Sumatera Barat',	'196608021994031002',	'Pendistribusian dan Sosialisasi Penulisan Blangko Ijazah MTs, MI dan RA',	'Dalam hal percepatan proses pendistribusian Ijazah MTS, MI dan RA',	'<p>Perlunya pelaksanaan kegiatan percepatan proses pendistribusian ijazah pada MTs, MI dan RA</p>',	'<p>Surat Keputusan Dirjen Pendis Kemenag RI Nomor 1142 Tahun 2023<br></p>',	'<p>setelah dianalisis fakta yang ada maka untuk percepatan dan menghindari kesalahan yagn sering terjadi pada penulisan blangko ijazah MTs, MI dan RA&nbsp;</p>',	'<p>Perlunya dilakukan kegiatan Pendistribusian dan Sosialisasi penulisan Blangko Ijazah pada Jenjang MTS, MI dan RA&nbsp;</p>',	'<p>Untuk segera melakukan persiapan dan langkah langkah untuk pelaksanaan kegiatan dimaksud daam perihal di atas</p>',	NULL,	NULL,	'2023-07-26',	'2023-07-28',	1,	NULL,	1,	NULL,	NULL,	'$2y$10$tl5C2ADBWcuDAP/oM8No2e5esn337ZwvBpmVvqK8TICu2BvZCaW26',	NULL,	NULL,	NULL,	NULL,	NULL,	NULL,	NULL,	NULL,	NULL,	1,	NULL,	NULL,	0,	NULL,	NULL,	0,	NULL,	NULL,	1,	'0',	'2023-07-24 05:11:48',	'2023-07-23 22:11:48',	'197007301992031001'),
(38,	'2023-09-07',	'Bidang Pendidikan Madrasah',	'Kepala Kantor Wilayah Kementerian Agama Prov. Sumatera Barat',	'196608021994031002',	'KEgiatan NGOPI dengan Komisi VIII',	'',	'',	'',	'',	'',	'',	NULL,	NULL,	'2023-09-03',	'2023-09-04',	0,	NULL,	0,	NULL,	NULL,	NULL,	NULL,	NULL,	NULL,	NULL,	NULL,	NULL,	NULL,	NULL,	NULL,	0,	NULL,	NULL,	0,	NULL,	NULL,	0,	NULL,	NULL,	1,	'0',	'2023-09-07 09:28:16',	'2023-09-07 09:28:16',	'197508082009121001');

DROP TABLE IF EXISTS `ts_rinci`;
CREATE TABLE `ts_rinci` (
  `id` int(11) NOT NULL AUTO_INCREMENT,
  `id_rinci` int(11) NOT NULL,
  `tgl_pergi` date NOT NULL,
  `tgl_pulang` date NOT NULL,
  `nip` varchar(20) NOT NULL,
  `kode_golongan` varchar(10) NOT NULL,
  `nama` varchar(100) NOT NULL,
  `unit` varchar(100) NOT NULL,
  `jabatan` varchar(100) NOT NULL,
  `pilih` tinyint(4) NOT NULL DEFAULT 0,
  `created_at` timestamp NOT NULL DEFAULT '0000-00-00 00:00:00' ON UPDATE current_timestamp(),
  `updated_at` timestamp NOT NULL DEFAULT '0000-00-00 00:00:00' ON UPDATE current_timestamp(),
  PRIMARY KEY (`id`),
  KEY `id_rinci` (`id_rinci`)
) ENGINE=InnoDB DEFAULT CHARSET=utf8mb4 COLLATE=utf8mb4_unicode_ci;

INSERT INTO `ts_rinci` (`id`, `id_rinci`, `tgl_pergi`, `tgl_pulang`, `nip`, `kode_golongan`, `nama`, `unit`, `jabatan`, `pilih`, `created_at`, `updated_at`) VALUES
(39,	16,	'2023-04-06',	'2023-04-08',	'197508082009121001',	'',	'JUMANUDIN, S.Kom',	'5',	'JFT-Pranata Komputer',	0,	'2023-04-09 08:35:29',	'2023-04-09 08:35:29'),
(40,	16,	'2023-04-06',	'2023-04-08',	'197003011995031001',	'',	'Dr. H. HELMI, M.Ag',	'1',	'Kepala Kantor Wilayah Kementerian Agama Provinsi Sumatera Barat',	0,	'2023-04-09 09:07:56',	'2023-04-09 09:07:56'),
(41,	16,	'2023-04-06',	'2023-04-08',	'196608021994031002',	'',	'Drs. H. MISWAN M.Pd',	'2',	'Kepala Bagian Tata Usaha',	0,	'2023-04-09 09:09:43',	'2023-04-09 09:09:43'),
(42,	16,	'2023-04-06',	'2023-04-08',	'197510281998031003',	'',	'SYAHIRUL ALIM, S,Sos.',	'2',	'JFT-Perencana',	0,	'2023-04-09 16:38:58',	'2023-04-09 16:38:58'),
(45,	14,	'2023-03-12',	'2023-03-14',	'197510281998031003',	'',	'SYAHIRUL ALIM, S,Sos.',	'2',	'JFT-Perencana',	0,	'2023-04-12 07:10:07',	'2023-04-12 07:10:07'),
(47,	14,	'2023-03-12',	'2023-03-14',	'198502042011012006',	'',	'VINA JAMILA KINTA, S.Kom., M.CIO',	'2',	'JFT-Pranata Komputer',	0,	'2023-04-13 02:13:02',	'2023-04-13 02:13:02'),
(49,	21,	'2023-04-14',	'2023-04-16',	'197510281998031003',	'',	'SYAHIRUL ALIM, S,Sos.',	'2',	'JFT-Perencana',	0,	'2023-04-13 02:26:44',	'2023-04-13 02:26:44'),
(50,	13,	'2023-04-12',	'2023-04-14',	'197610102002122001',	'IV/a',	'DINA FITRIA RAMA, SH.MM',	'2',	'JFT-Analis Hukum',	0,	'2023-04-13 09:00:47',	'2023-04-13 09:00:47'),
(51,	13,	'2023-04-12',	'2023-04-14',	'197508082009121001',	'III/c',	'JUMANUDIN, S.Kom',	'5',	'JFT-Pranata Komputer',	0,	'2023-04-13 09:00:47',	'2023-04-13 09:00:47'),
(54,	21,	'2023-04-14',	'2023-04-16',	'198405312009011007',	'III/c',	'ZAIFUL RAHMAT, S.Kom',	'2',	'JFT-Pranata Komputer',	0,	'2023-04-13 10:41:48',	'2023-04-13 10:41:48'),
(58,	21,	'2023-04-14',	'2023-04-16',	'198007022005012012',	'III/c',	'RISNA YANTI S.Sos.I',	'2',	'JFT-Pranata Humas',	0,	'2023-04-13 15:23:06',	'2023-04-13 15:23:06'),
(59,	20,	'2023-04-17',	'2023-04-18',	'197510281998031003',	'III/d',	'SYAHIRUL ALIM, S,Sos.',	'2',	'JFT-Perencana',	0,	'2023-04-13 15:24:54',	'2023-04-13 15:24:54'),
(60,	22,	'2023-04-17',	'2023-04-17',	'198605242011011011',	'III/c',	'GOPY BERMANA, M.Kom',	'2',	'JFT-Pranata Komputer',	0,	'2023-04-17 07:47:20',	'2023-04-17 07:47:20'),
(61,	22,	'2023-04-17',	'2023-04-17',	'198006192005011006',	'IV/a',	'ABDULLAH ALAMUDI, S.HI, M.Pd',	'5',	'Pelaksana',	0,	'2023-04-17 07:47:20',	'2023-04-17 07:47:20'),
(62,	23,	'2023-04-17',	'2023-04-18',	'197503032005011007',	'III/d',	'H. SYAFALMART, S,Ag',	'7',	'JFT-Penggrak Swadaya Masyarakat',	0,	'2023-04-17 07:58:40',	'2023-04-17 07:58:40'),
(64,	25,	'2023-06-24',	'2023-06-26',	'198105312005011002',	'II/d',	'WELEN ASRO HENDRAWAN',	'5',	'Pelaksana',	0,	'2023-06-26 03:06:26',	'2023-06-26 03:06:26'),
(65,	26,	'2023-07-01',	'2023-07-02',	'197906032009012005',	'IIc',	'DERLINA, S.AP',	'2',	'JFT-Analis Kepegawaian/Analis SDM Aparatur',	0,	'2023-06-29 12:44:09',	'2023-06-29 12:44:09'),
(66,	26,	'2023-07-01',	'2023-07-02',	'197003011995031001',	'IV/c',	'Dr. H. HELMI, M.Ag',	'1',	'Kepala Kantor Wilayah Kementerian Agama Provinsi Sumatera Barat',	0,	'2023-07-10 01:56:01',	'2023-07-10 01:56:01'),
(67,	25,	'2023-06-24',	'2023-06-26',	'198302112008011007',	'III/d',	'RAHMAT TASNIM S.E, M.Si',	'2',	'Pelaksana',	0,	'2023-07-10 08:04:30',	'2023-07-10 08:04:30'),
(69,	25,	'2023-06-24',	'2023-06-26',	'197510281998031003',	'III/d',	'SYAHIRUL ALIM, S,Sos.',	'2',	'JFT-Perencana',	0,	'2023-07-10 08:06:10',	'2023-07-10 08:06:10'),
(70,	25,	'2023-06-24',	'2023-06-26',	'198405092011012015',	'III/c',	'YESFI MIRA ANDRIA, M.Kom',	'3',	'JFT-Pranata Komputer',	0,	'2023-07-10 08:08:57',	'2023-07-10 08:08:57'),
(71,	25,	'2023-06-24',	'2023-06-26',	'197511272002121009',	'III/c',	'H. AZMI S.E, MM',	'2',	'Pelaksana',	0,	'2023-07-10 08:17:35',	'2023-07-10 08:17:35'),
(72,	25,	'2023-06-24',	'2023-06-26',	'196806161993032003',	'III/d',	'YUHELMI, SH.',	'2',	'Pelaksana',	0,	'2023-07-10 08:18:41',	'2023-07-10 08:18:41'),
(73,	25,	'2023-06-24',	'2023-06-26',	'196805042014111003',	'III/a',	'HASAN BASRI, S.AP',	'2',	'Pelaksana',	0,	'2023-07-10 08:22:56',	'2023-07-10 08:22:56'),
(75,	25,	'2023-06-24',	'2023-06-26',	'198108092009011006',	'III/b',	'SYAIFUL, SHI',	'3',	'JFT-Analis Kepegawaian/Analis SDM Aparatur',	0,	'2023-07-10 08:30:10',	'2023-07-10 08:30:10'),
(76,	25,	'2023-06-24',	'2023-06-26',	'197610102002122001',	'IV/a',	'DINA FITRIA RAMA, SH.MM',	'2',	'JFT-Analis Hukum',	0,	'2023-07-10 08:31:40',	'2023-07-10 08:31:40'),
(77,	25,	'2023-06-24',	'2023-06-26',	'196902171993032002',	'IV/a',	'Hj. GUSNIDAR, S.H., M.M',	'2',	'Kepala Bagian Tata Usaha',	0,	'2023-07-10 08:33:53',	'2023-07-10 08:33:53'),
(78,	25,	'2023-06-24',	'2023-06-26',	'197904102009122002',	'III/d',	'Hj. LUCY AFRIANI HAKIM, S.E, Akt',	'2',	'Pelaksana',	0,	'2023-07-10 08:38:37',	'2023-07-10 08:38:37'),
(80,	27,	'2023-07-12',	'2023-07-12',	'197610102002122001',	'IV/a',	'DINA FITRIA RAMA, SH.MM',	'2',	'JFT-Analis Hukum',	0,	'2023-07-12 07:23:13',	'2023-07-12 07:23:13'),
(82,	29,	'2023-07-24',	'2023-07-26',	'198712142011012010',	'III/c',	'FAUZIYAH, S.Th.I',	'4',	'Pelaksana',	0,	'2023-07-21 00:55:15',	'2023-07-21 00:55:15'),
(83,	24,	'2023-04-18',	'2023-04-20',	'198007022005012012',	'III/c',	'RISNA YANTI S.Sos.I',	'2',	'JFT-Pranata Humas',	0,	'2023-07-21 02:29:46',	'2023-07-21 02:29:46'),
(84,	20,	'2023-04-17',	'2023-04-18',	'198405312009011007',	'III/c',	'ZAIFUL RAHMAT, S.Kom',	'2',	'JFT-Pranata Komputer',	0,	'2023-07-21 02:54:37',	'2023-07-21 02:54:37'),
(85,	20,	'2023-04-17',	'2023-04-18',	'198408312005011001',	'III/c',	'Dr. SUKMURDIANTO, MA',	'2',	'Pelaksana',	0,	'2023-07-21 02:56:49',	'2023-07-21 02:56:49'),
(86,	20,	'2023-04-17',	'2023-04-18',	'196605092007012030',	'III/d',	'Hj. SUKMAWATI, S.Ag',	'4',	'Kepala Bidang Pendidikan Agama dan Keagamaan Islam',	0,	'2023-07-21 02:58:07',	'2023-07-21 02:58:07'),
(88,	31,	'2023-07-24',	'2023-07-26',	'198109232011011003',	'III/c',	'H. INDRA GUNAWAN S.H.I',	'2',	'Pelaksana',	1,	'2023-08-27 15:45:04',	'2023-08-27 15:45:04'),
(89,	31,	'2023-07-24',	'2023-07-26',	'198207152009011010',	'III/c',	'SOLMUS S.Th.I',	'4',	'Pelaksana',	0,	'2023-07-23 05:00:40',	'2023-07-23 05:00:40'),
(90,	33,	'2023-07-28',	'2023-07-28',	'198503072006042010',	'III/d',	'WIRA MARDHIYAH, S.T., MM',	'5',	'Pelaksana',	0,	'2023-07-23 05:16:27',	'2023-07-23 05:16:27'),
(91,	33,	'2023-07-28',	'2023-07-28',	'198105312005011002',	'II/d',	'WELEN ASRO HENDRAWAN',	'5',	'Pelaksana',	0,	'2023-07-23 05:16:27',	'2023-07-23 05:16:27'),
(92,	34,	'2023-07-26',	'2023-07-28',	'197910262008012011',	'III/d',	'HENDRA WENI S.KOM, MM',	'5',	'Pelaksana',	0,	'2023-07-23 05:23:26',	'2023-07-23 05:23:26'),
(94,	35,	'2023-07-27',	'2023-07-27',	'198211082011011009',	'III/c',	'NOVELIA MUSDA, SS',	'2',	'Pelaksana',	0,	'2023-07-23 05:28:54',	'2023-07-23 05:28:54'),
(95,	35,	'2023-07-27',	'2023-07-27',	'197510281998031003',	'III/d',	'SYAHIRUL ALIM, S,Sos.',	'2',	'JFT-Perencana',	0,	'2023-07-23 05:32:58',	'2023-07-23 05:32:58'),
(97,	33,	'2023-07-28',	'2023-07-28',	'197510281998031003',	'III/d',	'SYAHIRUL ALIM, S,Sos.',	'2',	'JFT-Perencana',	0,	'2023-07-23 09:05:13',	'2023-07-23 09:05:13'),
(98,	36,	'2023-07-26',	'2023-07-28',	'197709102007101001',	'III/d',	'FIRDAUS, S.HI',	'5',	'Pelaksana',	1,	'2023-09-11 14:31:23',	'2023-09-11 07:31:23'),
(99,	36,	'2023-07-26',	'2023-07-28',	'198505212005011001',	'II/d',	'PUTRA INTAN RIKI FIRDAUS',	'5',	'Pelaksana',	0,	'2023-09-12 05:56:17',	'2023-09-11 22:56:17'),
(101,	36,	'2023-07-26',	'2023-07-28',	'198007022005012012',	'III/c',	'RISNA YANTI S.Sos.I',	'2',	'JFT-Pranata Humas',	0,	'2023-07-23 20:32:23',	'2023-07-23 20:32:23'),
(102,	36,	'2023-07-26',	'2023-07-28',	'198405312009011007',	'III/c',	'ZAIFUL RAHMAT, S.Kom',	'2',	'JFT-Pranata Komputer',	1,	'2023-09-15 10:41:09',	'2023-09-15 03:41:09'),
(104,	36,	'2023-07-26',	'2023-07-28',	'197203061993032003',	'III/b',	'MENDRAWATI, S.AP',	'4',	'JFT-Arsiparis',	1,	'2023-09-12 10:12:13',	'2023-09-12 03:12:13'),
(105,	36,	'2023-07-26',	'2023-07-28',	'198909192019032016',	'III/a',	'SILKY PUTRI MAIZA S.I.P',	'2',	'JFT-Analis Kepegawaian/Analis SDM Aparatur',	1,	'2023-09-12 10:12:13',	'2023-09-12 03:12:13'),
(106,	32,	'2023-07-26',	'2023-07-28',	'198109232011011003',	'III/c',	'H. INDRA GUNAWAN S.H.I',	'4',	'Pelaksana',	0,	'2023-08-01 08:34:24',	'2023-08-01 08:34:24'),
(107,	32,	'2023-07-26',	'2023-07-28',	'198207152009011010',	'III/c',	'SOLMUS S.Th.I',	'4',	'Pelaksana',	0,	'2023-08-01 08:34:24',	'2023-08-01 08:34:24'),
(111,	77,	'2023-09-04',	'2023-09-05',	'197003011995031001',	'IV/c',	'Dr. H. HELMI, M.Ag',	'1',	'Kepala Kantor Wilayah Kementerian Agama Provinsi Sumatera Barat',	0,	'2023-09-02 21:22:11',	'2023-09-02 21:22:11'),
(112,	32,	'2023-07-26',	'2023-07-28',	'197610102002122001',	'IV/a',	'DINA FITRIA RAMA, SH.MM',	'2',	'JFT-Analis Hukum',	0,	'2023-09-02 21:24:33',	'2023-09-02 21:24:33'),
(113,	95,	'2023-09-04',	'2023-09-05',	'196608021994031002',	'IV/b',	'Drs. H. MISWAN M.Pd',	'2',	'Kepala Bagian Tata Usaha',	0,	'2023-09-02 22:27:15',	'2023-09-02 22:27:15'),
(114,	96,	'2023-09-04',	'2023-09-05',	'196608021994031002',	'IV/b',	'Drs. H. MISWAN M.Pd',	'2',	'Kepala Bagian Tata Usaha',	0,	'2023-09-02 22:27:51',	'2023-09-02 22:27:51'),
(115,	102,	'2023-09-04',	'2023-09-05',	'196608021994031002',	'IV/b',	'Drs. H. MISWAN M.Pd',	'2',	'Kepala Bagian Tata Usaha',	0,	'2023-09-02 23:01:18',	'2023-09-02 23:01:18'),
(116,	36,	'2023-07-26',	'2023-07-28',	'196608021994031002',	'IV/b',	'Drs. H. MISWAN M.Pd',	'2',	'Kepala Bagian Tata Usaha',	1,	'2023-09-13 15:33:33',	'2023-09-13 08:33:33');

DROP TABLE IF EXISTS `unit`;
CREATE TABLE `unit` (
  `id` int(10) unsigned NOT NULL AUTO_INCREMENT,
  `induk_id` varchar(6) NOT NULL,
  `nama_unit` varchar(255) NOT NULL,
  `alamat` varchar(255) NOT NULL,
  `email` varchar(255) NOT NULL,
  `created_at` timestamp NOT NULL DEFAULT '0000-00-00 00:00:00' ON UPDATE current_timestamp(),
  `updated_at` timestamp NOT NULL DEFAULT '0000-00-00 00:00:00' ON UPDATE current_timestamp(),
  PRIMARY KEY (`id`)
) ENGINE=InnoDB DEFAULT CHARSET=utf8mb4 COLLATE=utf8mb4_unicode_ci;

INSERT INTO `unit` (`id`, `induk_id`, `nama_unit`, `alamat`, `email`, `created_at`, `updated_at`) VALUES
(1,	'0',	'Kantor Wilayah Kementerian Agama Provinsi Sumatera Barat',	'Jl.Kuini No. 79 B Padang',	'',	'0000-00-00 00:00:00',	'0000-00-00 00:00:00'),
(2,	'1',	'Bagian Tata Usaha',	'',	'',	'0000-00-00 00:00:00',	'0000-00-00 00:00:00'),
(3,	'1',	'Bidang Penerangan Agama Islam dan Pemberdayaan Zakat dan Wakaf',	'',	'',	'2023-02-20 06:47:07',	'2023-02-20 06:47:07'),
(4,	'1',	'Bidang Pendidikan Agama dan Pendidikan Keagamaan Islam',	'',	'',	'0000-00-00 00:00:00',	'0000-00-00 00:00:00'),
(5,	'1',	'Bidang Pendidikan Madrasah',	'',	'',	'2023-06-29 12:43:33',	'2023-06-29 12:43:33'),
(6,	'1',	'Bidang Penyelenggaraan Haji dan Umrah',	'',	'',	'0000-00-00 00:00:00',	'0000-00-00 00:00:00'),
(7,	'1',	'Bidang Urusan Agama Islam ',	'',	'',	'0000-00-00 00:00:00',	'0000-00-00 00:00:00'),
(8,	'1',	'Pembimbing Masyarakat Buddha',	'',	'',	'0000-00-00 00:00:00',	'0000-00-00 00:00:00'),
(9,	'1',	'Pembimbing Masyarakat Hindu',	'',	'',	'0000-00-00 00:00:00',	'0000-00-00 00:00:00'),
(10,	'1',	'Pembimbing Masyarakat Katolik',	'',	'',	'0000-00-00 00:00:00',	'0000-00-00 00:00:00'),
(11,	'1',	'Pembimbing Masyarakat Kristen',	'',	'',	'0000-00-00 00:00:00',	'0000-00-00 00:00:00');

DROP TABLE IF EXISTS `users`;
CREATE TABLE `users` (
  `id` bigint(20) unsigned NOT NULL AUTO_INCREMENT,
  `id_role` int(10) unsigned DEFAULT NULL,
  `name` varchar(191) NOT NULL,
  `username` varchar(20) NOT NULL,
  `email` varchar(191) NOT NULL,
  `email_verified_at` timestamp NULL DEFAULT NULL,
  `password` varchar(191) NOT NULL,
  `two_factor_secret` text DEFAULT NULL,
  `two_factor_recovery_codes` text DEFAULT NULL,
  `two_factor_confirmed_at` timestamp NULL DEFAULT NULL,
  `remember_token` varchar(100) DEFAULT NULL,
  `profile_photo_url` text DEFAULT NULL,
  `created_at` timestamp NULL DEFAULT NULL,
  `updated_at` timestamp NULL DEFAULT NULL,
  PRIMARY KEY (`id`),
  UNIQUE KEY `users_email_unique` (`email`),
  UNIQUE KEY `user_name` (`username`),
  KEY `username` (`username`)
) ENGINE=InnoDB DEFAULT CHARSET=utf8mb4 COLLATE=utf8mb4_unicode_ci;

INSERT INTO `users` (`id`, `id_role`, `name`, `username`, `email`, `email_verified_at`, `password`, `two_factor_secret`, `two_factor_recovery_codes`, `two_factor_confirmed_at`, `remember_token`, `profile_photo_url`, `created_at`, `updated_at`) VALUES
(1,	1,	'Administrator',	'197508082009121001',	'admin@argon.com',	'2022-03-04 00:48:26',	'$2y$10$TFJ48wovNDrHn0RPPnaiseJfw8tJjalHEKtVEnI76XppGuT5BsNP6',	NULL,	NULL,	NULL,	'Fxu054fc37TLDs8hGBYmEds5rn3EbNQ5o0A5XZWOeVYTLtLMtyraSe3Ff7dT',	'20240128144132.png',	'2022-03-04 00:48:26',	'2024-01-28 07:41:32'),
(2,	2,	'Dr. H. HELMI, M.Ag',	'197003011995031001',	'helmi@gmail.com',	'2022-03-04 00:48:26',	'$2y$10$TFJ48wovNDrHn0RPPnaiseJfw8tJjalHEKtVEnI76XppGuT5BsNP6',	NULL,	NULL,	NULL,	'RMxaSC4hWikUffwHk256KkHAYbOro9dnkmmatTEXPEUCiw7oAycxVkZZ9iFD',	'20230416124805.png',	'2022-03-08 01:57:54',	'2023-04-16 05:48:05'),
(26,	3,	'Drs. H. MISWAN M.Pd',	'196608021994031002',	'miswan@gmail.com',	'2022-04-04 15:13:34',	'$2y$10$yc8GpKzODvBBjPzfpmWP7e.0GJSNh9NFzyBbMHdYcV3kLnoJa5CjK',	NULL,	NULL,	NULL,	'Eu4FYc33rXMgfL5HuvNLNSH7Zum26iDWpR4unTvABjRVeF7Cqx7wsYEbyuQt',	'user.png',	'2022-04-04 15:12:21',	'2023-04-15 13:24:49'),
(29,	4,	'H. HENDRI PANI DIAS, S.Ag, M.A',	'197007301992031001',	'panidias@gmail.com',	'2023-12-05 08:14:39',	'$2y$10$TFJ48wovNDrHn0RPPnaiseJfw8tJjalHEKtVEnI76XppGuT5BsNP6',	NULL,	NULL,	NULL,	NULL,	'20240104075106.png',	'2023-04-15 14:11:23',	'2024-01-04 00:51:06'),
(30,	4,	'Wira Mrdiyah',	'198503072006042010',	'rakha.dj@gmail.com',	NULL,	'$2y$10$ZZPrdw89YcxDs60g0QSdsuEPOBe5mof7D4TM930H6oHWzJk/gn2Mq',	NULL,	NULL,	NULL,	NULL,	'user.png',	'2023-07-10 20:16:17',	'2023-07-10 20:16:17'),
(31,	1,	'Gopi Bermana, M.Kom',	'198605242011011011',	'gopy.bermana@gmail.com',	NULL,	'$2y$10$iR7nQ/ryMIyts74xmd9.8udLMmjGrLG/jcYgy/4urocqEgu/if7LC',	NULL,	NULL,	NULL,	NULL,	'user.png',	'2023-07-10 20:20:08',	'2023-07-10 20:20:08'),
(32,	4,	'H. Edison, M.g',	'197603051997031003',	'x@gmail.com',	NULL,	'$2y$10$Xllt/5gOEEMhZVAB0oWFMukupSoiQObHT//4QLpgxUZj5BDuLHrBO',	NULL,	NULL,	NULL,	'8d6bLUGhHFmrvQGxDIYRCBU8Z5nH0SRMTndGrVHFBkHFkuAmiiES5XH1QbQr',	'user.png',	'2023-07-17 20:43:20',	'2023-07-17 20:43:20'),
(33,	4,	'Indra gunawan',	'198109232011011003',	'198109232011011003@kemenag.go.id',	NULL,	'$2y$10$kEYFBIFwwoCpvGpldiW8seJv0enwOQy/xIXSURZplRIDUH24Q0uDu',	NULL,	NULL,	NULL,	NULL,	'user.png',	'2023-07-21 01:35:15',	'2023-07-21 01:35:15'),
(34,	4,	'sadsda',	'123231321321',	'petoakireng9@gmail.com',	NULL,	'$2y$10$tG3n7OHbgVFoggRCwkI60uI13lyfxjkWimAscYZRdjx3Uqs8YJad6',	NULL,	NULL,	NULL,	NULL,	'user.png',	'2023-07-31 03:26:24',	'2023-07-31 03:26:24'),
(35,	4,	'tes',	'197508082009121002',	'rakha.dj1@gmail.com',	NULL,	'$2y$10$fGvkQUaFq8pozyGez5JGYOG0JPjKT8ynvU2LCQ7tk6R1ncej7O7km',	NULL,	NULL,	NULL,	NULL,	'user.png',	'2024-02-03 08:02:27',	'2024-02-03 08:32:53'),
(36,	4,	'tes2',	'197508082009121003',	'rakha.dj2@gmail.com',	NULL,	'$2y$10$h982qhOQvwYTkZnF808R3uIBuGONwVB6OsXrY1ZgnEISpihhhnXX.',	NULL,	NULL,	NULL,	NULL,	'user.png',	'2024-02-03 08:02:54',	'2024-02-03 08:35:26');

-- 2024-02-06 07:42:58
